Workbook

Sheet Dartmouth WW 2018
A1: Men's | B1: Singles Canoeing | D1: Doubles Canoeing | F1: Portage Canoeing | H1: Team Pulp Toss | J1: Log Rolling | L1: Packboard Relay w/ Firebuild | N1: Axe Throw | P1: Single Buck | R1: Birling | T1: Chain Throw | V1: Disc Stack | X1: Vertical Chop | Z1: Scoot Load | AB1: Crosscut Sawing | AD1: Team Bucksaw | AF1: Horizontal Chop | AH1: Splitting | AJ1: Pole Climb | AL1: Crosscut to Death
A2: Teams | B2: Time | C2: Score | D2: Time | E2: Score | F2: Time | G2: Score | H2: Time | I2: Score | J2: Time | K2: Score | L2: Time | M2: Score | N2: Mark | O2: Score | P2: Time | Q2: Score | R2: Time | S2: Score | T2: Time | U2: Score | V2: Raw Pts | W2: Score | X2: Time | Y2: Score | Z2: Time | AA2: Score | AB2: Time | AC2: Score | AD2: Time | AE2: Score | AF2: Time | AG2: Score | AH2: Time | AI2: Score | AJ2: Time | AK2: Score | AL2: Time | AM2: Score | AO2: TEAM | AP2: TOTAL | AQ2: RANK | AR2: Rank | AS2: Team | AT2: Score
A3: FLCC | B3: 0.002153125 | C3: =IF(B3="DNF","DNF",IF(B3>0,B$29/B3*100,"")) -> 100 | D3: 0.0017842593 | E3: =IF(D3="DNF","DNF",IF(D3>0,D$29/D3*100,"")) -> 98.949144 | F3: 0.0020732639 | G3: =IF(F3="DNF","DNF",IF(F3>0,F$29/F3*100,"")) -> 95.651203 | H3: 0.0025746528 | I3: =IF(H3="DNF","DNF",IF(H3>0,H$29/H3*100,"")) -> 64.92695 | J3: 0.00088761574 | K3: =IF(J3="DNF","DNF",IF(J3>0,J$29/J3*100,"")) -> 91.726431 | L3: 0.0065149306 | M3: =IF(L3="DNF","DNF",IF(L3>0,L$29/L3*100,"")) -> 75.821208 | N3: 6 | O3: =IF(N3="DNF","DNF",IF(N3<>"",N3/N$29*100,"")) -> 22.222222 | P3: 0.00021030093 | Q3: =IF(P3="DNF","DNF",IF(P3>0,P$29/P3*100,"")) -> 83.434232 | R3: =Birling!B3 -> 54.31 | S3: =Birling!C3 -> 16.752651 | T3: 0.0010907407 | U3: =IF(T3="DNF","DNF",IF(T3>0,T$29/T3*100,"")) -> 76.549236 | V3: 0 | W3: =IF(V3="DNF","DNF",IF(V3<>"",V3/V$29*100,"")) -> 0 | X3: 0.0015784722 | Y3: =IF(X3="DNF","DNF",IF(X3>0,X$29/X3*100,"")) -> 27.357384 | Z3: 0.00055451389 | AA3: =IF(Z3="DNF","DNF",IF(Z3>0,Z$29/Z3*100,"")) -> 92.391985 | AB3: 0.00056649306 | AC3: =IF(AB3="DNF","DNF",IF(AB3>0,AB$29/AB3*100,"")) -> 76.391868 | AD3: 0.00071087963 | AE3: =IF(AD3="DNF","DNF",IF(AD3>0,AD$29/AD3*100,"")) -> 89.791599 | AF3: 0.0012633102 | AG3: =IF(AF3="DNF","DNF",IF(AF3>0,AF$29/AF3*100,"")) -> 53.055428 | AH3: 0.0020175926 | AI3: =IF(AH3="DNF","DNF",IF(AH3>0,AH$29/AH3*100,"")) -> 87.058284 | AJ3: 9.6990741e-05 | AK3: =IF(AJ3="DNF","DNF",IF(AJ3>0,AJ$29/AJ3*100,"")) -> 72.792363 | AL3: 0.00041689815 | AM3: =IF(AL3="DNF","DNF",IF(AL3>0,AL$29/AL3*100,"")) -> 86.118823 | AO3: =$A3 -> FLCC | AP3: =SUM(C3,E3,G3,I3,K3,AI3,O3,Q3,U3,Y3,S3,,W3,AC3,AG3,AK3,AA3,AE3,M3, AM3) -> 1310.991 | AQ3: =RANK(AP3,$AP$3:$AP$24,0) -> 5 | AR3: 1 | AS3: =INDEX($AO$3:AO22,MATCH(AR3,$AQ$3:$AQ$22,0)) -> Paul Smiths | AT3: =INDEX($AP$3:$AP$22,MATCH(AS3,$AO$3:$AO$22,0)) -> 1715.3172
A4: Alfred State | B4: 0.0022112269 | C4: =IF(B4="DNF","DNF",IF(B4>0,B$29/B4*100,"")) -> 97.372416 | D4: 0.0019854167 | E4: =IF(D4="DNF","DNF",IF(D4>0,D$29/D4*100,"")) -> 88.923866 | F4: 0.0022127315 | G4: =IF(F4="DNF","DNF",IF(F4>0,F$29/F4*100,"")) -> 89.622345 | H4: 0.0020315972 | I4: =IF(H4="DNF","DNF",IF(H4>0,H$29/H4*100,"")) -> 82.282231 | J4: 0.00081417824 | K4: =IF(J4="DNF","DNF",IF(J4>0,J$29/J4*100,"")) -> 100 | L4: 0.0053094907 | M4: =IF(L4="DNF","DNF",IF(L4>0,L$29/L4*100,"")) -> 93.035271 | N4: 24 | O4: =IF(N4="DNF","DNF",IF(N4<>"",N4/N$29*100,"")) -> 88.888889 | P4: 0.00027407407 | Q4: =IF(P4="DNF","DNF",IF(P4>0,P$29/P4*100,"")) -> 64.02027 | R4: =Birling!B4 -> 42.6 | S4: =Birling!C4 -> 13.140544 | T4: 0.0011349537 | U4: =IF(T4="DNF","DNF",IF(T4>0,T$29/T4*100,"")) -> 73.567204 | V4: 24 | W4: =IF(V4="DNF","DNF",IF(V4<>"",V4/V$29*100,"")) -> 100 | X4: 0.00052916667 | Y4: =IF(X4="DNF","DNF",IF(X4>0,X$29/X4*100,"")) -> 81.605424 | Z4: 0.00062077546 | AA4: =IF(Z4="DNF","DNF",IF(Z4>0,Z$29/Z4*100,"")) -> 82.530064 | AB4: 0.00043275463 | AC4: =IF(AB4="DNF","DNF",IF(AB4>0,AB$29/AB4*100,"")) -> 100 | AD4: 0.0006556713 | AE4: =IF(AD4="DNF","DNF",IF(AD4>0,AD$29/AD4*100,"")) -> 97.352162 | AF4: 0.00080555556 | AG4: =IF(AF4="DNF","DNF",IF(AF4>0,AF$29/AF4*100,"")) -> 83.204023 | AH4: 0.002212963 | AI4: =IF(AH4="DNF","DNF",IF(AH4>0,AH$29/AH4*100,"")) -> 79.372385 | AJ4: 0.00014050926 | AK4: =IF(AJ4="DNF","DNF",IF(AJ4>0,AJ$29/AJ4*100,"")) -> 50.247117 | AL4: 0.00042025463 | AM4: =IF(AL4="DNF","DNF",IF(AL4>0,AL$29/AL4*100,"")) -> 85.431011 | AO4: =$A4 -> Alfred State | AP4: =SUM(C4,E4,G4,I4,K4,AI4,O4,Q4,U4,Y4,S4,,W4,AC4,AG4,AK4,AA4,AE4,M4, AM4) -> 1550.5952 | AQ4: =RANK(AP4,$AP$3:$AP$24,0) -> 3 | AR4: 2 | AS4: =INDEX($AO$3:AO23,MATCH(AR4,$AQ$3:$AQ$22,0)) -> ESF | AT4: =INDEX($AP$3:$AP$22,MATCH(AS4,$AO$3:$AO$22,0)) -> 1653.8794
A5: ESF | B5: 0.0022825231 | C5: =IF(B5="DNF","DNF",IF(B5>0,B$29/B5*100,"")) -> 94.330916 | D5: 0.0017655093 | E5: =IF(D5="DNF","DNF",IF(D5>0,D$29/D5*100,"")) -> 100 | F5: 0.0019831019 | G5: =IF(F5="DNF","DNF",IF(F5>0,F$29/F5*100,"")) -> 100 | H5: 0.0019858796 | I5: =IF(H5="DNF","DNF",IF(H5>0,H$29/H5*100,"")) -> 84.176477 | J5: 0.00082413194 | K5: =IF(J5="DNF","DNF",IF(J5>0,J$29/J5*100,"")) -> 98.79222 | L5: 0.0055255208 | M5: =IF(L5="DNF","DNF",IF(L5>0,L$29/L5*100,"")) -> 89.397891 | N5: 27 | O5: =IF(N5="DNF","DNF",IF(N5<>"",N5/N$29*100,"")) -> 100 | P5: 0.00021354167 | Q5: =IF(P5="DNF","DNF",IF(P5>0,P$29/P5*100,"")) -> 82.168022 | R5: =Birling!B5 -> 113.57 | S5: =Birling!C5 -> 90 | T5: 0.0012144676 | U5: =IF(T5="DNF","DNF",IF(T5>0,T$29/T5*100,"")) -> 68.750596 | V5: 12 | W5: =IF(V5="DNF","DNF",IF(V5<>"",V5/V$29*100,"")) -> 50 | X5: 0.0004318287 | Y5: =IF(X5="DNF","DNF",IF(X5>0,X$29/X5*100,"")) -> 100 | Z5: 0.00062702546 | AA5: =IF(Z5="DNF","DNF",IF(Z5>0,Z$29/Z5*100,"")) -> 81.70743 | AB5: 0.00046875 | AC5: =IF(AB5="DNF","DNF",IF(AB5>0,AB$29/AB5*100,"")) -> 92.320988 | AD5: 0.00072349537 | AE5: =IF(AD5="DNF","DNF",IF(AD5>0,AD$29/AD5*100,"")) -> 88.225884 | AF5: 0.00076979167 | AG5: =IF(AF5="DNF","DNF",IF(AF5>0,AF$29/AF5*100,"")) -> 87.069614 | AH5: 0.0025232639 | AI5: =IF(AH5="DNF","DNF",IF(AH5>0,AH$29/AH5*100,"")) -> 69.611486 | AJ5: 8.1828704e-05 | AK5: =IF(AJ5="DNF","DNF",IF(AJ5>0,AJ$29/AJ5*100,"")) -> 86.280057 | AL5: 0.0003943287 | AM5: =IF(AL5="DNF","DNF",IF(AL5>0,AL$29/AL5*100,"")) -> 91.047843 | AO5: =$A5 -> ESF | AP5: =SUM(C5,E5,G5,I5,K5,AI5,O5,Q5,U5,Y5,S5,,W5,AC5,AG5,AK5,AA5,AE5,M5, AM5) -> 1653.8794 | AQ5: =RANK(AP5,$AP$3:$AP$24,0) -> 2 | AR5: 3 | AS5: =INDEX($AO$3:AO24,MATCH(AR5,$AQ$3:$AQ$22,0)) -> Alfred State | AT5: =INDEX($AP$3:$AP$22,MATCH(AS5,$AO$3:$AO$22,0)) -> 1550.5952
A6: Morrisville | B6: 0.0024517361 | C6: =IF(B6="DNF","DNF",IF(B6>0,B$29/B6*100,"")) -> 87.820422 | D6: 0.0029268519 | E6: =IF(D6="DNF","DNF",IF(D6>0,D$29/D6*100,"")) -> 60.321101 | F6: 0.0022694444 | G6: =IF(F6="DNF","DNF",IF(F6>0,F$29/F6*100,"")) -> 87.382701 | H6: 0.0031773148 | I6: =IF(H6="DNF","DNF",IF(H6>0,H$29/H6*100,"")) -> 52.611832 | J6: 0.00098125 | K6: =IF(J6="DNF","DNF",IF(J6>0,J$29/J6*100,"")) -> 82.973579 | L6: 0.0065420718 | M6: =IF(L6="DNF","DNF",IF(L6>0,L$29/L6*100,"")) -> 75.506648 | N6: 22 | O6: =IF(N6="DNF","DNF",IF(N6<>"",N6/N$29*100,"")) -> 81.481481 | P6: 0.00051157407 | Q6: =IF(P6="DNF","DNF",IF(P6>0,P$29/P6*100,"")) -> 34.298643 | R6: =Birling!B6 -> 3 | S6: =Birling!C6 -> 0.9253904 | T6: 0.0019251157 | U6: =IF(T6="DNF","DNF",IF(T6>0,T$29/T6*100,"")) -> 43.371611 | V6: 5 | W6: =IF(V6="DNF","DNF",IF(V6<>"",V6/V$29*100,"")) -> 20.833333 | X6: 0.00084305556 | Y6: =IF(X6="DNF","DNF",IF(X6>0,X$29/X6*100,"")) -> 51.221856 | Z6: 0.00079571759 | AA6: =IF(Z6="DNF","DNF",IF(Z6>0,Z$29/Z6*100,"")) -> 64.385455 | AB6: 0.00081087963 | AC6: =IF(AB6="DNF","DNF",IF(AB6>0,AB$29/AB6*100,"")) -> 53.368541 | AD6: 0.0011451389 | AE6: =IF(AD6="DNF","DNF",IF(AD6>0,AD$29/AD6*100,"")) -> 55.740853 | AF6: 0.0012904514 | AG6: =IF(AF6="DNF","DNF",IF(AF6>0,AF$29/AF6*100,"")) -> 51.939549 | AH6: 0.0020053241 | AI6: =IF(AH6="DNF","DNF",IF(AH6>0,AH$29/AH6*100,"")) -> 87.590904 | AJ6: 0.00011157407 | AK6: =IF(AJ6="DNF","DNF",IF(AJ6>0,AJ$29/AJ6*100,"")) -> 63.278008 | AL6: 0.00076863426 | AM6: =IF(AL6="DNF","DNF",IF(AL6>0,AL$29/AL6*100,"")) -> 46.709833 | AO6: =$A6 -> Morrisville | AP6: =SUM(C6,E6,G6,I6,K6,AI6,O6,Q6,U6,Y6,S6,,W6,AC6,AG6,AK6,AA6,AE6,M6, AM6) -> 1101.7617 | AQ6: =RANK(AP6,$AP$3:$AP$24,0) -> 11 | AR6: 4 | AS6: =INDEX($AO$3:AO25,MATCH(AR6,$AQ$3:$AQ$22,0)) -> UNH | AT6: =INDEX($AP$3:$AP$22,MATCH(AS6,$AO$3:$AO$22,0)) -> 1313.6693
A7: UNH | B7: 0.0024553241 | C7: =IF(B7="DNF","DNF",IF(B7>0,B$29/B7*100,"")) -> 87.69209 | D7: 0.0023527778 | E7: =IF(D7="DNF","DNF",IF(D7>0,D$29/D7*100,"")) -> 75.039355 | F7: 0.0028517361 | G7: =IF(F7="DNF","DNF",IF(F7>0,F$29/F7*100,"")) -> 69.54016 | H7: 0.0029519676 | I7: =IF(H7="DNF","DNF",IF(H7>0,H$29/H7*100,"")) -> 56.628112 | J7: 0.0010244792 | K7: =IF(J7="DNF","DNF",IF(J7>0,J$29/J7*100,"")) -> 79.472406 | L7: 0.0054344329 | M7: =IF(L7="DNF","DNF",IF(L7>0,L$29/L7*100,"")) -> 90.896312 | N7: 27 | O7: =IF(N7="DNF","DNF",IF(N7<>"",N7/N$29*100,"")) -> 100 | P7: 0.00020277778 | Q7: =IF(P7="DNF","DNF",IF(P7>0,P$29/P7*100,"")) -> 86.52968 | R7: =Birling!B7 -> 137.41 | S7: =Birling!C7 -> 85 | T7: 0.0018555556 | U7: =IF(T7="DNF","DNF",IF(T7>0,T$29/T7*100,"")) -> 44.997505 | V7: 11 | W7: =IF(V7="DNF","DNF",IF(V7<>"",V7/V$29*100,"")) -> 45.833333 | X7: 0.00087372685 | Y7: =IF(X7="DNF","DNF",IF(X7>0,X$29/X7*100,"")) -> 49.423765 | Z7: 0.00077905093 | AA7: =IF(Z7="DNF","DNF",IF(Z7>0,Z$29/Z7*100,"")) -> 65.762888 | AB7: 0.00054641204 | AC7: =IF(AB7="DNF","DNF",IF(AB7>0,AB$29/AB7*100,"")) -> 79.199322 | AD7: 0.0008130787 | AE7: =IF(AD7="DNF","DNF",IF(AD7>0,AD$29/AD7*100,"")) -> 78.505338 | AF7: 0.0013358796 | AG7: =IF(AF7="DNF","DNF",IF(AF7>0,AF$29/AF7*100,"")) -> 50.17328 | AH7: 0.0027898148 | AI7: =IF(AH7="DNF","DNF",IF(AH7>0,AH$29/AH7*100,"")) -> 62.960504 | AJ7: 0.0001880787 | AK7: =IF(AJ7="DNF","DNF",IF(AJ7>0,AJ$29/AJ7*100,"")) -> 37.538462 | AL7: 0.00052430556 | AM7: =IF(AL7="DNF","DNF",IF(AL7>0,AL$29/AL7*100,"")) -> 68.476821 | AO7: =$A7 -> UNH | AP7: =SUM(C7,E7,G7,I7,K7,AI7,O7,Q7,U7,Y7,S7,,W7,AC7,AG7,AK7,AA7,AE7,M7, AM7) -> 1313.6693 | AQ7: =RANK(AP7,$AP$3:$AP$24,0) -> 4 | AR7: 5 | AS7: =INDEX($AO$3:AO26,MATCH(AR7,$AQ$3:$AQ$22,0)) -> FLCC | AT7: =INDEX($AP$3:$AP$22,MATCH(AS7,$AO$3:$AO$22,0)) -> 1310.991
A8: Unity | B8: 0.0025434028 | C8: =IF(B8="DNF","DNF",IF(B8>0,B$29/B8*100,"")) -> 84.65529 | D8: 0.0031752315 | E8: =IF(D8="DNF","DNF",IF(D8>0,D$29/D8*100,"")) -> 55.602537 | F8: 0.0026394676 | G8: =IF(F8="DNF","DNF",IF(F8>0,F$29/F8*100,"")) -> 75.132646 | H8: 0.0019413194 | I8: =IF(H8="DNF","DNF",IF(H8>0,H$29/H8*100,"")) -> 86.108627 | J8: 0.00089409722 | K8: =IF(J8="DNF","DNF",IF(J8>0,J$29/J8*100,"")) -> 91.061489 | L8: 0.010570312 | M8: =IF(L8="DNF","DNF",IF(L8>0,L$29/L8*100,"")) -> 46.731817 | N8: 10 | O8: =IF(N8="DNF","DNF",IF(N8<>"",N8/N$29*100,"")) -> 37.037037 | P8: 0.00023194444 | Q8: =IF(P8="DNF","DNF",IF(P8>0,P$29/P8*100,"")) -> 75.648703 | R8: =Birling!B8 -> 18.28 | S8: =Birling!C8 -> 5.6387122 | T8: 0.0017201389 | U8: =IF(T8="DNF","DNF",IF(T8>0,T$29/T8*100,"")) -> 48.5399 | V8: 17 | W8: =IF(V8="DNF","DNF",IF(V8<>"",V8/V$29*100,"")) -> 70.833333 | X8: 0.0015082176 | Y8: =IF(X8="DNF","DNF",IF(X8>0,X$29/X8*100,"")) -> 28.631724 | Z8: 0.00075416667 | AA8: =IF(Z8="DNF","DNF",IF(Z8>0,Z$29/Z8*100,"")) -> 67.932781 | AB8: 0.00046597222 | AC8: =IF(AB8="DNF","DNF",IF(AB8>0,AB$29/AB8*100,"")) -> 92.871336 | AD8: 0.00073796296 | AE8: =IF(AD8="DNF","DNF",IF(AD8>0,AD$29/AD8*100,"")) -> 86.496236 | AF8: 0.00086354167 | AG8: =IF(AF8="DNF","DNF",IF(AF8>0,AF$29/AF8*100,"")) -> 77.616941 | AH8: 0.0026027778 | AI8: =IF(AH8="DNF","DNF",IF(AH8>0,AH$29/AH8*100,"")) -> 67.484881 | AJ8: 8.75e-05 | AK8: =IF(AJ8="DNF","DNF",IF(AJ8>0,AJ$29/AJ8*100,"")) -> 80.687831 | AL8: 0.00035902778 | AM8: =IF(AL8="DNF","DNF",IF(AL8>0,AL$29/AL8*100,"")) -> 100 | AO8: =$A8 -> Unity | AP8: =SUM(C8,E8,G8,I8,K8,AI8,O8,Q8,U8,Y8,S8,,W8,AC8,AG8,AK8,AA8,AE8,M8, AM8) -> 1278.7118 | AQ8: =RANK(AP8,$AP$3:$AP$24,0) -> 6 | AR8: 6 | AS8: =INDEX($AO$3:AO27,MATCH(AR8,$AQ$3:$AQ$22,0)) -> Unity | AT8: =INDEX($AP$3:$AP$22,MATCH(AS8,$AO$3:$AO$22,0)) -> 1278.7118
A9: UVM | B9: 0.002349537 | C9: =IF(B9="DNF","DNF",IF(B9>0,B$29/B9*100,"")) -> 91.640394 | D9: 0.0022768519 | E9: =IF(D9="DNF","DNF",IF(D9>0,D$29/D9*100,"")) -> 77.541684 | F9: 0.0039228009 | G9: =IF(F9="DNF","DNF",IF(F9>0,F$29/F9*100,"")) -> 50.553212 | H9: 0.0028869213 | I9: =IF(H9="DNF","DNF",IF(H9>0,H$29/H9*100,"")) -> 57.904021 | J9: 0.00096965278 | K9: =IF(J9="DNF","DNF",IF(J9>0,J$29/J9*100,"")) -> 83.965958 | L9: 0.0067204282 | M9: =IF(L9="DNF","DNF",IF(L9>0,L$29/L9*100,"")) -> 73.502743 | N9: 14 | O9: =IF(N9="DNF","DNF",IF(N9<>"",N9/N$29*100,"")) -> 51.851852 | P9: 0.00031342593 | Q9: =IF(P9="DNF","DNF",IF(P9>0,P$29/P9*100,"")) -> 55.982275 | R9: =Birling!B9 -> 6.81 | S9: =Birling!C9 -> 2.1006362 | T9: 0.0013288194 | U9: =IF(T9="DNF","DNF",IF(T9>0,T$29/T9*100,"")) -> 62.834248 | V9: 0 | W9: =IF(V9="DNF","DNF",IF(V9<>"",V9/V$29*100,"")) -> 0 | X9: 0.0011994213 | Y9: =IF(X9="DNF","DNF",IF(X9>0,X$29/X9*100,"")) -> 36.003088 | Z9: 0.00071111111 | AA9: =IF(Z9="DNF","DNF",IF(Z9>0,Z$29/Z9*100,"")) -> 72.045898 | AB9: 0.0014594907 | AC9: =IF(AB9="DNF","DNF",IF(AB9>0,AB$29/AB9*100,"")) -> 29.651071 | AD9: 0.001205787 | AE9: =IF(AD9="DNF","DNF",IF(AD9>0,AD$29/AD9*100,"")) -> 52.937224 | AF9: 0.00098368056 | AG9: =IF(AF9="DNF","DNF",IF(AF9>0,AF$29/AF9*100,"")) -> 68.137428 | AH9: 0.0033163194 | AI9: =IF(AH9="DNF","DNF",IF(AH9>0,AH$29/AH9*100,"")) -> 52.964786 | AJ9: 0.00034525463 | AK9: =IF(AJ9="DNF","DNF",IF(AJ9>0,AJ$29/AJ9*100,"")) -> 20.449212 | AL9: 0.0013895833 | AM9: =IF(AL9="DNF","DNF",IF(AL9>0,AL$29/AL9*100,"")) -> 25.837081 | AO9: =$A9 -> UVM | AP9: =SUM(C9,E9,G9,I9,K9,AI9,O9,Q9,U9,Y9,S9,,W9,AC9,AG9,AK9,AA9,AE9,M9, AM9) -> 965.90281 | AQ9: =RANK(AP9,$AP$3:$AP$24,0) -> 12 | AR9: 7 | AS9: =INDEX($AO$3:AO28,MATCH(AR9,$AQ$3:$AQ$22,0)) -> Colby | AT9: =INDEX($AP$3:$AP$22,MATCH(AS9,$AO$3:$AO$22,0)) -> 1227.6189
A10: Cobleskill | B10: 0.0029137731 | C10: =IF(B10="DNF","DNF",IF(B10>0,B$29/B10*100,"")) -> 73.894737 | D10: 0.002159375 | E10: =IF(D10="DNF","DNF",IF(D10>0,D$29/D10*100,"")) -> 81.760197 | F10: 0.0020104167 | G10: =IF(F10="DNF","DNF",IF(F10>0,F$29/F10*100,"")) -> 98.641336 | H10: 0.002028588 | I10: =IF(H10="DNF","DNF",IF(H10>0,H$29/H10*100,"")) -> 82.404291 | J10: 0.00092314815 | K10: =IF(J10="DNF","DNF",IF(J10>0,J$29/J10*100,"")) -> 88.195838 | L10: 0.0085900463 | M10: =IF(L10="DNF","DNF",IF(L10>0,L$29/L10*100,"")) -> 57.504918 | N10: 10 | O10: =IF(N10="DNF","DNF",IF(N10<>"",N10/N$29*100,"")) -> 37.037037 | P10: 0.00047326389 | Q10: =IF(P10="DNF","DNF",IF(P10>0,P$29/P10*100,"")) -> 37.075079 | R10: =Birling!B10 -> 3.03 | S10: =Birling!C10 -> 0.9346443 | T10: 0.0020582176 | U10: =IF(T10="DNF","DNF",IF(T10>0,T$29/T10*100,"")) -> 40.566833 | V10: 18 | W10: =IF(V10="DNF","DNF",IF(V10<>"",V10/V$29*100,"")) -> 75 | X10: 0.00091990741 | Y10: =IF(X10="DNF","DNF",IF(X10>0,X$29/X10*100,"")) -> 46.942627 | Z10: 0.00052899306 | AA10: =IF(Z10="DNF","DNF",IF(Z10>0,Z$29/Z10*100,"")) -> 96.84936 | AB10: 0.00057847222 | AC10: =IF(AB10="DNF","DNF",IF(AB10>0,AB$29/AB10*100,"")) -> 74.809924 | AD10: 0.0013537037 | AE10: =IF(AD10="DNF","DNF",IF(AD10>0,AD$29/AD10*100,"")) -> 47.152873 | AF10: 0.0012179398 | AG10: =IF(AF10="DNF","DNF",IF(AF10>0,AF$29/AF10*100,"")) -> 55.031835 | AH10: 0.0029505787 | AI10: =IF(AH10="DNF","DNF",IF(AH10>0,AH$29/AH10*100,"")) -> 59.530067 | AJ10: 0.00012858796 | AK10: =IF(AJ10="DNF","DNF",IF(AJ10>0,AJ$29/AJ10*100,"")) -> 54.905491 | AL10: 0.00076226852 | AM10: =IF(AL10="DNF","DNF",IF(AL10>0,AL$29/AL10*100,"")) -> 47.099909 | AO10: =$A10 -> Cobleskill | AP10: =SUM(C10,E10,G10,I10,K10,AI10,O10,Q10,U10,Y10,S10,,W10,AC10,AG10,AK10,AA10,AE10,M10, AM10) -> 1155.337 | AQ10: =RANK(AP10,$AP$3:$AP$24,0) -> 10 | AR10: 8 | AS10: =INDEX($AO$3:AO29,MATCH(AR10,$AQ$3:$AQ$22,0)) -> Ranger | AT10: =INDEX($AP$3:$AP$22,MATCH(AS10,$AO$3:$AO$22,0)) -> 1216.4958
A11: Dartmouth | B11: 0.0030363426 | C11: =IF(B11="DNF","DNF",IF(B11>0,B$29/B11*100,"")) -> 70.911794 | D11: 0.0022674769 | E11: =IF(D11="DNF","DNF",IF(D11>0,D$29/D11*100,"")) -> 77.862284 | F11: 0.0026228009 | G11: =IF(F11="DNF","DNF",IF(F11>0,F$29/F11*100,"")) -> 75.610079 | H11: 0.0070381944 | I11: =IF(H11="DNF","DNF",IF(H11>0,H$29/H11*100,"")) -> 23.751028 | J11: 0.0014077546 | K11: =IF(J11="DNF","DNF",IF(J11>0,J$29/J11*100,"")) -> 57.835238 | L11: 0.0099231481 | M11: =IF(L11="DNF","DNF",IF(L11>0,L$29/L11*100,"")) -> 49.779556 | N11: 11 | O11: =IF(N11="DNF","DNF",IF(N11<>"",N11/N$29*100,"")) -> 40.740741 | P11: 0.00051516204 | Q11: =IF(P11="DNF","DNF",IF(P11>0,P$29/P11*100,"")) -> 34.059762 | R11: =Birling!B11 -> 14.12 | S11: =Birling!C11 -> 4.3555041 | T11: 0.0018670139 | U11: =IF(T11="DNF","DNF",IF(T11>0,T$29/T11*100,"")) -> 44.721344 | V11: 4 | W11: =IF(V11="DNF","DNF",IF(V11<>"",V11/V$29*100,"")) -> 16.666667 | X11: 0.005059375 | Y11: =IF(X11="DNF","DNF",IF(X11>0,X$29/X11*100,"")) -> 8.5352184 | Z11: 0.00098686343 | AA11: =IF(Z11="DNF","DNF",IF(Z11>0,Z$29/Z11*100,"")) -> 51.914619 | AB11: 0.0011645833 | AC11: =IF(AB11="DNF","DNF",IF(AB11>0,AB$29/AB11*100,"")) -> 37.15961 | AD11: 0.0014383102 | AE11: =IF(AD11="DNF","DNF",IF(AD11>0,AD$29/AD11*100,"")) -> 44.379174 | AF11: 0.0023399306 | AG11: =IF(AF11="DNF","DNF",IF(AF11>0,AF$29/AF11*100,"")) -> 28.64421 | AH11: 0.0025944444 | AI11: =IF(AH11="DNF","DNF",IF(AH11>0,AH$29/AH11*100,"")) -> 67.701642 | AJ11: 0.0002037037 | AK11: =IF(AJ11="DNF","DNF",IF(AJ11>0,AJ$29/AJ11*100,"")) -> 34.659091 | AL11: 0.0010950231 | AM11: =IF(AL11="DNF","DNF",IF(AL11>0,AL$29/AL11*100,"")) -> 32.787232 | AO11: =$A11 -> Dartmouth | AP11: =SUM(C11,E11,G11,I11,K11,AI11,O11,Q11,U11,Y11,S11,,W11,AC11,AG11,AK11,AA11,AE11,M11, AM11) -> 802.07479 | AQ11: =RANK(AP11,$AP$3:$AP$24,0) -> 13 | AR11: 9 | AS11: =INDEX($AO$3:AO30,MATCH(AR11,$AQ$3:$AQ$22,0)) -> UMO | AT11: =INDEX($AP$3:$AP$22,MATCH(AS11,$AO$3:$AO$22,0)) -> 1157.0947
A12: Ranger | B12: 0.0024385417 | C12: =IF(B12="DNF","DNF",IF(B12>0,B$29/B12*100,"")) -> 88.2956 | D12: 0.0020896991 | E12: =IF(D12="DNF","DNF",IF(D12>0,D$29/D12*100,"")) -> 84.486292 | F12: 0.0024150463 | G12: =IF(F12="DNF","DNF",IF(F12>0,F$29/F12*100,"")) -> 82.114445 | H12: 0.0026278935 | I12: =IF(H12="DNF","DNF",IF(H12>0,H$29/H12*100,"")) -> 63.611539 | J12: 0.0011969907 | K12: =IF(J12="DNF","DNF",IF(J12>0,J$29/J12*100,"")) -> 68.018758 | L12: 0.0053876157 | M12: =IF(L12="DNF","DNF",IF(L12>0,L$29/L12*100,"")) -> 91.68618 | N12: 25 | O12: =IF(N12="DNF","DNF",IF(N12<>"",N12/N$29*100,"")) -> 92.592593 | P12: 0.00029803241 | Q12: =IF(P12="DNF","DNF",IF(P12>0,P$29/P12*100,"")) -> 58.873786 | R12: =Birling!B12 -> 4.81 | S12: =Birling!C12 -> 1.4837093 | T12: 0.0015222222 | U12: =IF(T12="DNF","DNF",IF(T12>0,T$29/T12*100,"")) -> 54.850973 | V12: 13 | W12: =IF(V12="DNF","DNF",IF(V12<>"",V12/V$29*100,"")) -> 54.166667 | X12: 0.0012915509 | Y12: =IF(X12="DNF","DNF",IF(X12>0,X$29/X12*100,"")) -> 33.434896 | Z12: 0.00055596065 | AA12: =IF(Z12="DNF","DNF",IF(Z12>0,Z$29/Z12*100,"")) -> 92.151556 | AB12: 0.00086388889 | AC12: =IF(AB12="DNF","DNF",IF(AB12>0,AB$29/AB12*100,"")) -> 50.093783 | AD12: 0.001597338 | AE12: =IF(AD12="DNF","DNF",IF(AD12>0,AD$29/AD12*100,"")) -> 39.960872 | AF12: 0.0011266204 | AG12: =IF(AF12="DNF","DNF",IF(AF12>0,AF$29/AF12*100,"")) -> 59.492501 | AH12: 0.0017564815 | AI12: =IF(AH12="DNF","DNF",IF(AH12>0,AH$29/AH12*100,"")) -> 100 | AJ12: 0.00017361111 | AK12: =IF(AJ12="DNF","DNF",IF(AJ12>0,AJ$29/AJ12*100,"")) -> 40.666667 | AL12: 0.00059328704 | AM12: =IF(AL12="DNF","DNF",IF(AL12>0,AL$29/AL12*100,"")) -> 60.515021 | AO12: =$A12 -> Ranger | AP12: =SUM(C12,E12,G12,I12,K12,AI12,O12,Q12,U12,Y12,S12,,W12,AC12,AG12,AK12,AA12,AE12,M12, AM12) -> 1216.4958 | AQ12: =RANK(AP12,$AP$3:$AP$24,0) -> 8 | AR12: 10 | AS12: =INDEX($AO$3:AO31,MATCH(AR12,$AQ$3:$AQ$22,0)) -> Cobleskill | AT12: =INDEX($AP$3:$AP$22,MATCH(AS12,$AO$3:$AO$22,0)) -> 1155.337
A13: Paul Smiths | B13: 0.0023694444 | C13: =IF(B13="DNF","DNF",IF(B13>0,B$29/B13*100,"")) -> 90.870457 | D13: 0.00213125 | E13: =IF(D13="DNF","DNF",IF(D13>0,D$29/D13*100,"")) -> 82.839144 | F13: 0.0024005787 | G13: =IF(F13="DNF","DNF",IF(F13>0,F$29/F13*100,"")) -> 82.609325 | H13: 0.0016716435 | I13: =IF(H13="DNF","DNF",IF(H13>0,H$29/H13*100,"")) -> 100 | J13: 0.00083478009 | K13: =IF(J13="DNF","DNF",IF(J13>0,J$29/J13*100,"")) -> 97.532062 | L13: 0.0049396991 | M13: =IF(L13="DNF","DNF",IF(L13>0,L$29/L13*100,"")) -> 100 | N13: 23 | O13: =IF(N13="DNF","DNF",IF(N13<>"",N13/N$29*100,"")) -> 85.185185 | P13: 0.00017546296 | Q13: =IF(P13="DNF","DNF",IF(P13>0,P$29/P13*100,"")) -> 100 | R13: =Birling!B13 -> 173.05 | S13: =Birling!C13 -> 100 | T13: 0.0008349537 | U13: =IF(T13="DNF","DNF",IF(T13>0,T$29/T13*100,"")) -> 100 | V13: 17 | W13: =IF(V13="DNF","DNF",IF(V13<>"",V13/V$29*100,"")) -> 70.833333 | X13: 0.00046527778 | Y13: =IF(X13="DNF","DNF",IF(X13>0,X$29/X13*100,"")) -> 92.810945 | Z13: 0.00068761574 | AA13: =IF(Z13="DNF","DNF",IF(Z13>0,Z$29/Z13*100,"")) -> 74.507659 | AB13: 0.00045775463 | AC13: =IF(AB13="DNF","DNF",IF(AB13>0,AB$29/AB13*100,"")) -> 94.538559 | AD13: 0.00063831019 | AE13: =IF(AD13="DNF","DNF",IF(AD13>0,AD$29/AD13*100,"")) -> 100 | AF13: 0.00067025463 | AG13: =IF(AF13="DNF","DNF",IF(AF13>0,AF$29/AF13*100,"")) -> 100 | AH13: 0.0023092593 | AI13: =IF(AH13="DNF","DNF",IF(AH13>0,AH$29/AH13*100,"")) -> 76.06255 | AJ13: 0.00010023148 | AK13: =IF(AJ13="DNF","DNF",IF(AJ13>0,AJ$29/AJ13*100,"")) -> 70.438799 | AL13: 0.00036979167 | AM13: =IF(AL13="DNF","DNF",IF(AL13>0,AL$29/AL13*100,"")) -> 97.089202 | AO13: =$A13 -> Paul Smiths | AP13: =SUM(C13,E13,G13,I13,K13,AI13,O13,Q13,U13,Y13,S13,,W13,AC13,AG13,AK13,AA13,AE13,M13, AM13) -> 1715.3172 | AQ13: =RANK(AP13,$AP$3:$AP$24,0) -> 1 | AR13: 11 | AS13: =INDEX($AO$3:AO32,MATCH(AR13,$AQ$3:$AQ$22,0)) -> Morrisville | AT13: =INDEX($AP$3:$AP$22,MATCH(AS13,$AO$3:$AO$22,0)) -> 1101.7617
A14: Colby | B14: 0.0025787037 | C14: =IF(B14="DNF","DNF",IF(B14>0,B$29/B14*100,"")) -> 83.496409 | D14: 0.0027556713 | E14: =IF(D14="DNF","DNF",IF(D14>0,D$29/D14*100,"")) -> 64.06821 | F14: 0.0030193287 | G14: =IF(F14="DNF","DNF",IF(F14>0,F$29/F14*100,"")) -> 65.680224 | H14: 0.0031430556 | I14: =IF(H14="DNF","DNF",IF(H14>0,H$29/H14*100,"")) -> 53.1853 | J14: 0.0011868634 | K14: =IF(J14="DNF","DNF",IF(J14>0,J$29/J14*100,"")) -> 68.599152 | L14: 0.0064519676 | M14: =IF(L14="DNF","DNF",IF(L14>0,L$29/L14*100,"")) -> 76.561127 | N14: 15 | O14: =IF(N14="DNF","DNF",IF(N14<>"",N14/N$29*100,"")) -> 55.555556 | P14: 0.00032511574 | Q14: =IF(P14="DNF","DNF",IF(P14>0,P$29/P14*100,"")) -> 53.969384 | R14: =Birling!B14 -> 16.72 | S14: =Birling!C14 -> 5.1575092 | T14: 0.001027662 | U14: =IF(T14="DNF","DNF",IF(T14>0,T$29/T14*100,"")) -> 81.247888 | V14: 11 | W14: =IF(V14="DNF","DNF",IF(V14<>"",V14/V$29*100,"")) -> 45.833333 | X14: 0.0010251157 | Y14: =IF(X14="DNF","DNF",IF(X14>0,X$29/X14*100,"")) -> 42.124873 | Z14: 0.00051232639 | AA14: =IF(Z14="DNF","DNF",IF(Z14>0,Z$29/Z14*100,"")) -> 100 | AB14: 0.000590625 | AC14: =IF(AB14="DNF","DNF",IF(AB14>0,AB$29/AB14*100,"")) -> 73.270625 | AD14: 0.00074988426 | AE14: =IF(AD14="DNF","DNF",IF(AD14>0,AD$29/AD14*100,"")) -> 85.121161 | AF14: 0.0015237269 | AG14: =IF(AF14="DNF","DNF",IF(AF14>0,AF$29/AF14*100,"")) -> 43.987847 | AH14: 0.0036398148 | AI14: =IF(AH14="DNF","DNF",IF(AH14>0,AH$29/AH14*100,"")) -> 48.257441 | AJ14: 7.0601852e-05 | AK14: =IF(AJ14="DNF","DNF",IF(AJ14>0,AJ$29/AJ14*100,"")) -> 100 | AL14: 0.00044050926 | AM14: =IF(AL14="DNF","DNF",IF(AL14>0,AL$29/AL14*100,"")) -> 81.50289 | AO14: =$A14 -> Colby | AP14: =SUM(C14,E14,G14,I14,K14,AI14,O14,Q14,U14,Y14,S14,,W14,AC14,AG14,AK14,AA14,AE14,M14, AM14) -> 1227.6189 | AQ14: =RANK(AP14,$AP$3:$AP$24,0) -> 7 | AR14: 12 | AS14: =INDEX($AO$3:AO33,MATCH(AR14,$AQ$3:$AQ$22,0)) -> UVM | AT14: =INDEX($AP$3:$AP$22,MATCH(AS14,$AO$3:$AO$22,0)) -> 965.90281
A15: UMO | B15: 0.0027748843 | C15: =IF(B15="DNF","DNF",IF(B15>0,B$29/B15*100,"")) -> 77.593326 | D15: 0.0029240741 | E15: =IF(D15="DNF","DNF",IF(D15>0,D$29/D15*100,"")) -> 60.378404 | F15: 0.0025175926 | G15: =IF(F15="DNF","DNF",IF(F15>0,F$29/F15*100,"")) -> 78.769768 | H15: 0.0025581019 | I15: =IF(H15="DNF","DNF",IF(H15>0,H$29/H15*100,"")) -> 65.347027 | J15: 0.0011383681 | K15: =IF(J15="DNF","DNF",IF(J15>0,J$29/J15*100,"")) -> 71.521529 | L15: 0.0064878472 | M15: =IF(L15="DNF","DNF",IF(L15>0,L$29/L15*100,"")) -> 76.137722 | N15: 18 | O15: =IF(N15="DNF","DNF",IF(N15<>"",N15/N$29*100,"")) -> 66.666667 | P15: 0.00036631944 | Q15: =IF(P15="DNF","DNF",IF(P15>0,P$29/P15*100,"")) -> 47.898894 | R15: =Birling!B15 -> 259.35 | S15: =Birling!C15 -> 80 | T15: 0.0017076389 | U15: =IF(T15="DNF","DNF",IF(T15>0,T$29/T15*100,"")) -> 48.895215 | V15: 18 | W15: =IF(V15="DNF","DNF",IF(V15<>"",V15/V$29*100,"")) -> 75 | X15: 0.0077266204 | Y15: =IF(X15="DNF","DNF",IF(X15>0,X$29/X15*100,"")) -> 5.5888433 | Z15: 0.0010116319 | AA15: =IF(Z15="DNF","DNF",IF(Z15>0,Z$29/Z15*100,"")) -> 50.643556 | AB15: 0.00076354167 | AC15: =IF(AB15="DNF","DNF",IF(AB15>0,AB$29/AB15*100,"")) -> 56.677278 | AD15: 0.0012685185 | AE15: =IF(AD15="DNF","DNF",IF(AD15>0,AD$29/AD15*100,"")) -> 50.319343 | AF15: 0.001180787 | AG15: =IF(AF15="DNF","DNF",IF(AF15>0,AF$29/AF15*100,"")) -> 56.76338 | AH15: 0.0022762731 | AI15: =IF(AH15="DNF","DNF",IF(AH15>0,AH$29/AH15*100,"")) -> 77.164794 | AJ15: 0.000140625 | AK15: =IF(AJ15="DNF","DNF",IF(AJ15>0,AJ$29/AJ15*100,"")) -> 50.205761 | AL15: 0.00058356481 | AM15: =IF(AL15="DNF","DNF",IF(AL15>0,AL$29/AL15*100,"")) -> 61.523205 | AO15: =$A15 -> UMO | AP15: =SUM(C15,E15,G15,I15,K15,AI15,O15,Q15,U15,Y15,S15,,W15,AC15,AG15,AK15,AA15,AE15,M15, AM15) -> 1157.0947 | AQ15: =RANK(AP15,$AP$3:$AP$24,0) -> 9 | AR15: 13 | AS15: =INDEX($AO$3:AO34,MATCH(AR15,$AQ$3:$AQ$22,0)) -> Dartmouth | AT15: =INDEX($AP$3:$AP$22,MATCH(AS15,$AO$3:$AO$22,0)) -> 802.07479
C16: =IF(B16="DNF","DNF",IF(B16>0,B$29/B16*100,"")) | E16: =IF(D16="DNF","DNF",IF(D16>0,D$29/D16*100,"")) | G16: =IF(F16="DNF","DNF",IF(F16>0,F$29/F16*100,"")) | I16: =IF(H16="DNF","DNF",IF(H16>0,H$29/H16*100,"")) | K16: =IF(J16="DNF","DNF",IF(J16>0,J$29/J16*100,"")) | M16: =IF(L16="DNF","DNF",IF(L16>0,L$29/L16*100,"")) | O16: =IF(N16="DNF","DNF",IF(N16<>"",N16/N$29*100,"")) | Q16: =IF(P16="DNF","DNF",IF(P16>0,P$29/P16*100,"")) | U16: =IF(T16="DNF","DNF",IF(T16>0,T$29/T16*100,"")) | W16: =IF(V16="DNF","DNF",IF(V16<>"",V16/V$29*100,"")) | Y16: =IF(X16="DNF","DNF",IF(X16>0,X$29/X16*100,"")) | AA16: =IF(Z16="DNF","DNF",IF(Z16>0,Z$29/Z16*100,"")) | AC16: =IF(AB16="DNF","DNF",IF(AB16>0,AB$29/AB16*100,"")) | AE16: =IF(AD16="DNF","DNF",IF(AD16>0,AD$29/AD16*100,"")) | AG16: =IF(AF16="DNF","DNF",IF(AF16>0,AF$29/AF16*100,"")) | AI16: =IF(AH16="DNF","DNF",IF(AH16>0,AH$29/AH16*100,"")) | AK16: =IF(AJ16="DNF","DNF",IF(AJ16>0,AJ$29/AJ16*100,"")) | AM16: =IF(AL16="DNF","DNF",IF(AL16>0,AL$29/AL16*100,""))
C17: =IF(B17="DNF","DNF",IF(B17>0,B$29/B17*100,"")) | E17: =IF(D17="DNF","DNF",IF(D17>0,D$29/D17*100,"")) | G17: =IF(F17="DNF","DNF",IF(F17>0,F$29/F17*100,"")) | I17: =IF(H17="DNF","DNF",IF(H17>0,H$29/H17*100,"")) | K17: =IF(J17="DNF","DNF",IF(J17>0,J$29/J17*100,"")) | M17: =IF(L17="DNF","DNF",IF(L17>0,L$29/L17*100,"")) | O17: =IF(N17="DNF","DNF",IF(N17<>"",N17/N$29*100,"")) | Q17: =IF(P17="DNF","DNF",IF(P17>0,P$29/P17*100,"")) | U17: =IF(T17="DNF","DNF",IF(T17>0,T$29/T17*100,"")) | W17: =IF(V17="DNF","DNF",IF(V17<>"",V17/V$29*100,"")) | Y17: =IF(X17="DNF","DNF",IF(X17>0,X$29/X17*100,"")) | AA17: =IF(Z17="DNF","DNF",IF(Z17>0,Z$29/Z17*100,"")) | AC17: =IF(AB17="DNF","DNF",IF(AB17>0,AB$29/AB17*100,"")) | AE17: =IF(AD17="DNF","DNF",IF(AD17>0,AD$29/AD17*100,"")) | AG17: =IF(AF17="DNF","DNF",IF(AF17>0,AF$29/AF17*100,"")) | AI17: =IF(AH17="DNF","DNF",IF(AH17>0,AH$29/AH17*100,"")) | AK17: =IF(AJ17="DNF","DNF",IF(AJ17>0,AJ$29/AJ17*100,"")) | AM17: =IF(AL17="DNF","DNF",IF(AL17>0,AL$29/AL17*100,""))
C18: =IF(B18="DNF","DNF",IF(B18>0,B$29/B18*100,"")) | E18: =IF(D18="DNF","DNF",IF(D18>0,D$29/D18*100,"")) | G18: =IF(F18="DNF","DNF",IF(F18>0,F$29/F18*100,"")) | I18: =IF(H18="DNF","DNF",IF(H18>0,H$29/H18*100,"")) | K18: =IF(J18="DNF","DNF",IF(J18>0,J$24/J18*100,"")) | M18: =IF(L18="DNF","DNF",IF(L18>0,L$29/L18*100,"")) | O18: =IF(N18="DNF","DNF",IF(N18<>"",N18/N$29*100,"")) | Q18: =IF(P18="DNF","DNF",IF(P18>0,P$24/P18*100,"")) | U18: =IF(T18="DNF","DNF",IF(T18>0,T$29/T18*100,"")) | W18: =IF(V18="DNF","DNF",IF(V18<>"",V18/V$29*100,"")) | Y18: =IF(X18="DNF","DNF",IF(X18>0,X$29/X18*100,"")) | AA18: =IF(Z18="DNF","DNF",IF(Z18>0,Z$24/Z18*100,"")) | AC18: =IF(AB18="DNF","DNF",IF(AB18>0,AB$29/AB18*100,"")) | AE18: =IF(AD18="DNF","DNF",IF(AD18>0,AD$29/AD18*100,"")) | AG18: =IF(AF18="DNF","DNF",IF(AF18>0,AF$29/AF18*100,"")) | AI18: =IF(AH18="DNF","DNF",IF(AH18>0,AH$29/AH18*100,"")) | AK18: =IF(AJ18="DNF","DNF",IF(AJ18>0,AJ$29/AJ18*100,"")) | AM18: =IF(AL18="DNF","DNF",IF(AL18>0,AL$29/AL18*100,""))
C20: =IF(B20="DNF","DNF",IF(B20>0,B$29/B20*100,"")) | E20: =IF(D20="DNF","DNF",IF(D20>0,D$29/D20*100,"")) | G20: =IF(F20="DNF","DNF",IF(F20>0,F$29/F20*100,"")) | I20: =IF(H20="DNF","DNF",IF(H20>0,H$29/H20*100,"")) | K20: =IF(J20="DNF","DNF",IF(J20>0,J$24/J20*100,"")) | M20: =IF(L20="DNF","DNF",IF(L20>0,L$29/L20*100,"")) | O20: =IF(N20="DNF","DNF",IF(N20<>"",N20/N$29*100,"")) | Q20: =IF(P20="DNF","DNF",IF(P20>0,P$24/P20*100,"")) | U20: =IF(T20="DNF","DNF",IF(T20>0,T$29/T20*100,"")) | W20: =IF(V20="DNF","DNF",IF(V20<>"",V20/V$29*100,"")) | Y20: =IF(X20="DNF","DNF",IF(X20>0,X$29/X20*100,"")) | AA20: =IF(Z20="DNF","DNF",IF(Z20>0,Z$24/Z20*100,"")) | AC20: =IF(AB20="DNF","DNF",IF(AB20>0,AB$29/AB20*100,"")) | AE20: =IF(AD20="DNF","DNF",IF(AD20>0,AD$29/AD20*100,"")) | AG20: =IF(AF20="DNF","DNF",IF(AF20>0,AF$29/AF20*100,"")) | AI20: =IF(AH20="DNF","DNF",IF(AH20>0,AH$29/AH20*100,"")) | AK20: =IF(AJ20="DNF","DNF",IF(AJ20>0,AJ$29/AJ20*100,"")) | AM20: =IF(AL20="DNF","DNF",IF(AL20>0,AL$29/AL20*100,""))
C21: =IF(B21="DNF","DNF",IF(B21>0,B$29/B21*100,"")) | E21: =IF(D21="DNF","DNF",IF(D21>0,D$29/D21*100,"")) | G21: =IF(F21="DNF","DNF",IF(F21>0,F$29/F21*100,"")) | I21: =IF(H21="DNF","DNF",IF(H21>0,H$29/H21*100,"")) | K21: =IF(J21="DNF","DNF",IF(J21>0,J$24/J21*100,"")) | M21: =IF(L21="DNF","DNF",IF(L21>0,L$29/L21*100,"")) | O21: =IF(N21="DNF","DNF",IF(N21<>"",N21/N$29*100,"")) | Q21: =IF(P21="DNF","DNF",IF(P21>0,P$24/P21*100,"")) | U21: =IF(T21="DNF","DNF",IF(T21>0,T$29/T21*100,"")) | W21: =IF(V21="DNF","DNF",IF(V21<>"",V21/V$29*100,"")) | Y21: =IF(X21="DNF","DNF",IF(X21>0,X$29/X21*100,"")) | AA21: =IF(Z21="DNF","DNF",IF(Z21>0,Z$24/Z21*100,"")) | AC21: =IF(AB21="DNF","DNF",IF(AB21>0,AB$29/AB21*100,"")) | AE21: =IF(AD21="DNF","DNF",IF(AD21>0,AD$29/AD21*100,"")) | AG21: =IF(AF21="DNF","DNF",IF(AF21>0,AF$29/AF21*100,"")) | AI21: =IF(AH21="DNF","DNF",IF(AH21>0,AH$29/AH21*100,"")) | AK21: =IF(AJ21="DNF","DNF",IF(AJ21>0,AJ$29/AJ21*100,"")) | AM21: =IF(AL21="DNF","DNF",IF(AL21>0,AL$29/AL21*100,""))
C22: =IF(B22="DNF","DNF",IF(B22>0,B$29/B22*100,"")) | E22: =IF(D22="DNF","DNF",IF(D22>0,D$29/D22*100,"")) | G22: =IF(F22="DNF","DNF",IF(F22>0,F$29/F22*100,"")) | I22: =IF(H22="DNF","DNF",IF(H22>0,H$29/H22*100,"")) | K22: =IF(J22="DNF","DNF",IF(J22>0,J$24/J22*100,"")) | M22: =IF(L22="DNF","DNF",IF(L22>0,L$29/L22*100,"")) | O22: =IF(N22="DNF","DNF",IF(N22<>"",N22/N$29*100,"")) | Q22: =IF(P22="DNF","DNF",IF(P22>0,P$24/P22*100,"")) | U22: =IF(T22="DNF","DNF",IF(T22>0,T$29/T22*100,"")) | W22: =IF(V22="DNF","DNF",IF(V22<>"",V22/V$29*100,"")) | Y22: =IF(X22="DNF","DNF",IF(X22>0,X$29/X22*100,"")) | AA22: =IF(Z22="DNF","DNF",IF(Z22>0,Z$24/Z22*100,"")) | AC22: =IF(AB22="DNF","DNF",IF(AB22>0,AB$29/AB22*100,"")) | AE22: =IF(AD22="DNF","DNF",IF(AD22>0,AD$29/AD22*100,"")) | AG22: =IF(AF22="DNF","DNF",IF(AF22>0,AF$29/AF22*100,"")) | AI22: =IF(AH22="DNF","DNF",IF(AH22>0,AH$29/AH22*100,"")) | AK22: =IF(AJ22="DNF","DNF",IF(AJ22>0,AJ$29/AJ22*100,"")) | AM22: =IF(AL22="DNF","DNF",IF(AL22>0,AL$29/AL22*100,""))
C24: =IF(B24="DNF","DNF",IF(B24>0,B$29/B24*100,"")) | E24: =IF(D24="DNF","DNF",IF(D24>0,D$29/D24*100,"")) | G24: =IF(F24="DNF","DNF",IF(F24>0,F$29/F24*100,"")) | I24: =IF(H24="DNF","DNF",IF(H24>0,H$29/H24*100,"")) | K24: =IF(J24="DNF","DNF",IF(J24>0,J$29/J24*100,"")) | M24: =IF(L24="DNF","DNF",IF(L24>0,L$29/L24*100,"")) | O24: =IF(N24="DNF","DNF",IF(N24<>"",N24/N$29*100,"")) | Q24: =IF(P24="DNF","DNF",IF(P24>0,P$29/P24*100,"")) | U24: =IF(T24="DNF","DNF",IF(T24>0,T$29/T24*100,"")) | W24: =IF(V24="DNF","DNF",IF(V24<>"",V24/V$29*100,"")) | Y24: =IF(X24="DNF","DNF",IF(X24>0,X$29/X24*100,"")) | AC24: =IF(AB24="DNF","DNF",IF(AB24>0,AB$29/AB24*100,"")) | AE24: =IF(AD24="DNF","DNF",IF(AD24>0,AD$29/AD24*100,"")) | AG24: =IF(AF24="DNF","DNF",IF(AF24>0,AF$29/AF24*100,"")) | AI24: =IF(AH24="DNF","DNF",IF(AH24>0,AH$29/AH24*100,"")) | AK24: =IF(AJ24="DNF","DNF",IF(AJ24>0,AJ$29/AJ24*100,"")) | AM24: =IF(AL24="DNF","DNF",IF(AL24>0,AL$29/AL24*100,""))
A25: Dartmouth Alum | B25: 0.0023283565 | C25: =IF(B25="DNF","DNF",IF(B25>0,B$29/B25*100,"")) -> 92.474027 | D25: 0.0017912037 | E25: =IF(D25="DNF","DNF",IF(D25>0,D$29/D25*100,"")) -> 98.565521 | F25: 0.0021695602 | G25: =IF(F25="DNF","DNF",IF(F25>0,F$29/F25*100,"")) -> 91.405708 | H25: 0.0076349537 | I25: =IF(H25="DNF","DNF",IF(H25>0,H$29/H25*100,"")) -> 21.894612 | J25: 0.0014789352 | K25: =IF(J25="DNF","DNF",IF(J25>0,J$29/J25*100,"")) -> 55.051651 | L25: 0.0078985532 | M25: =IF(L25="DNF","DNF",IF(L25>0,L$29/L25*100,"")) -> 62.539289 | N25: 0 | O25: =IF(N25="DNF","DNF",IF(N25<>"",N25/N$29*100,"")) -> 0 | P25: 0.00028333333 | Q25: =IF(P25="DNF","DNF",IF(P25>0,P$29/P25*100,"")) -> 61.928105 | R25: =Birling!B19 -> 20.69 | S25: =Birling!C19 -> 6.3821091 | T25: 0.00074594907 | U25: =IF(T25="DNF","DNF",IF(T25>0,T$29/T25*100,"")) -> 111.93173 | V25: 0 | W25: =IF(V25="DNF","DNF",IF(V25<>"",V25/V$29*100,"")) -> 0 | X25: 0.005325463 | Y25: =IF(X25="DNF","DNF",IF(X25>0,X$29/X25*100,"")) -> 8.1087542 | Z25: 0.00071111111 | AA25: =IF(Z25="DNF","DNF",IF(Z25>0,Z$29/Z25*100,"")) -> 72.045898 | AB25: 0.0013075231 | AC25: =IF(AB25="DNF","DNF",IF(AB25>0,AB$29/AB25*100,"")) -> 33.097282 | AD25: 0.0012472222 | AE25: =IF(AD25="DNF","DNF",IF(AD25>0,AD$29/AD25*100,"")) -> 51.178545 | AF25: 0.005783912 | AG25: =IF(AF25="DNF","DNF",IF(AF25>0,AF$29/AF25*100,"")) -> 11.588258 | AH25: 0.0026152778 | AI25: =IF(AH25="DNF","DNF",IF(AH25>0,AH$29/AH25*100,"")) -> 67.16233 | AJ25: 0.00011377315 | AK25: =IF(AJ25="DNF","DNF",IF(AJ25>0,AJ$29/AJ25*100,"")) -> 62.054934 | AL25: 0.00079270833 | AM25: =IF(AL25="DNF","DNF",IF(AL25>0,AL$29/AL25*100,"")) -> 45.291283 | AO25: =A25 -> Dartmouth Alum | AP25: =SUM(C25,E25,G25,I25,K25,AI25,O25,Q25,U25,Y25,S25,,W25,AC25,AG25,AK25,AA25,AE25,M25, AM25) -> 952.70004 | AQ25: =RANK(AP25,AP25:AP28,0) -> 3 | AR25: 1 | AS25: =INDEX($AO$25:AO27,MATCH(AR3,$AQ$25:$AQ$27,0)) -> FLCC Alum | AT25: =INDEX($AP$25:$AP$27,MATCH(AS25,$AO$25:$AO$27,0)) -> 1258.6695
A26: Colby Alum | B26: 0.002521875 | C26: =IF(B26="DNF","DNF",IF(B26>0,B$29/B26*100,"")) -> 85.377943 | D26: 0.0019010417 | E26: =IF(D26="DNF","DNF",IF(D26>0,D$29/D26*100,"")) -> 92.870624 | F26: 0.002375463 | G26: =IF(F26="DNF","DNF",IF(F26>0,F$29/F26*100,"")) -> 83.482752 | H26: 0.0038791667 | I26: =IF(H26="DNF","DNF",IF(H26>0,H$29/H26*100,"")) -> 43.092851 | J26: 0.0013541667 | K26: =IF(J26="DNF","DNF",IF(J26>0,J$29/J26*100,"")) -> 60.123932 | L26: 0.0062814815 | M26: =IF(L26="DNF","DNF",IF(L26>0,L$29/L26*100,"")) -> 78.639077 | N26: 16 | O26: =IF(N26="DNF","DNF",IF(N26<>"",N26/N$29*100,"")) -> 59.259259 | P26: 0.00036400463 | Q26: =IF(P26="DNF","DNF",IF(P26>0,P$29/P26*100,"")) -> 48.203498 | R26: =Birling!B20 -> 3.21 | S26: =Birling!C20 -> 0.99016773 | U26: =IF(T26="DNF","DNF",IF(T26>0,T$29/T26*100,"")) | V26: 0 | W26: =IF(V26="DNF","DNF",IF(V26<>"",V26/V$29*100,"")) -> 0 | X26: 0.0006525463 | Y26: =IF(X26="DNF","DNF",IF(X26>0,X$29/X26*100,"")) -> 66.175949 | Z26: 0.00048159722 | AA26: =IF(Z26="DNF","DNF",IF(Z26>0,Z$29/Z26*100,"")) -> 106.38068 | AB26: 0.0010415509 | AC26: =IF(AB26="DNF","DNF",IF(AB26>0,AB$29/AB26*100,"")) -> 41.549061 | AD26: 0.0012702546 | AE26: =IF(AD26="DNF","DNF",IF(AD26>0,AD$29/AD26*100,"")) -> 50.250569 | AF26: 0.0041851852 | AG26: =IF(AF26="DNF","DNF",IF(AF26>0,AF$29/AF26*100,"")) -> 16.014934 | AH26: 0.002983912 | AI26: =IF(AH26="DNF","DNF",IF(AH26>0,AH$29/AH26*100,"")) -> 58.865056 | AJ26: 7.2569444e-05 | AK26: =IF(AJ26="DNF","DNF",IF(AJ26>0,AJ$29/AJ26*100,"")) -> 97.288676 | AL26: 0.00075347222 | AM26: =IF(AL26="DNF","DNF",IF(AL26>0,AL$29/AL26*100,"")) -> 47.64977 | AO26: =A26 -> Colby Alum | AP26: =SUM(C26,E26,G26,I26,K26,AI26,O26,Q26,U26,Y26,S26,,W26,AC26,AG26,AK26,AA26,AE26,M26, AM26) -> 1036.2148 | AQ26: =RANK(AP26,AP26:AP29,0) -> 2 | AR26: 2 | AS26: =INDEX($AO$25:AO28,MATCH(AR4,$AQ$25:$AQ$27,0)) -> Colby Alum | AT26: =INDEX($AP$25:$AP$27,MATCH(AS26,$AO$25:$AO$27,0)) -> 1036.2148
A27: FLCC Alum | B27: 0.0028851852 | C27: =IF(B27="DNF","DNF",IF(B27>0,B$29/B27*100,"")) -> 74.626926 | D27: 0.003199537 | E27: =IF(D27="DNF","DNF",IF(D27>0,D$29/D27*100,"")) -> 55.180148 | F27: 0.0025547454 | G27: =IF(F27="DNF","DNF",IF(F27>0,F$29/F27*100,"")) -> 77.624247 | H27: 0.0036909722 | I27: =IF(H27="DNF","DNF",IF(H27>0,H$29/H27*100,"")) -> 45.29006 | J27: 0.00097546296 | K27: =IF(J27="DNF","DNF",IF(J27>0,J$29/J27*100,"")) -> 83.465828 | L27: 0.0054695602 | M27: =IF(L27="DNF","DNF",IF(L27>0,L$29/L27*100,"")) -> 90.312546 | N27: 9 | O27: =IF(N27="DNF","DNF",IF(N27<>"",N27/N$29*100,"")) -> 33.333333 | P27: 0.00026215278 | Q27: =IF(P27="DNF","DNF",IF(P27>0,P$29/P27*100,"")) -> 66.931567 | R27: =Birling!B21 -> 3.53 | S27: =Birling!C21 -> 1.088876 | T27: 0.0022113426 | U27: =IF(T27="DNF","DNF",IF(T27>0,T$29/T27*100,"")) -> 37.757772 | V27: 20 | W27: =IF(V27="DNF","DNF",IF(V27<>"",V27/V$29*100,"")) -> 83.333333 | X27: 0.00078009259 | Y27: =IF(X27="DNF","DNF",IF(X27>0,X$29/X27*100,"")) -> 55.356083 | Z27: 0.00056278935 | AA27: =IF(Z27="DNF","DNF",IF(Z27>0,Z$29/Z27*100,"")) -> 91.033419 | AB27: 0.00051608796 | AC27: =IF(AB27="DNF","DNF",IF(AB27>0,AB$29/AB27*100,"")) -> 83.852882 | AD27: 0.00077013889 | AE27: =IF(AD27="DNF","DNF",IF(AD27>0,AD$29/AD27*100,"")) -> 82.882477 | AF27: 0.00076082176 | AG27: =IF(AF27="DNF","DNF",IF(AF27>0,AF$29/AF27*100,"")) -> 88.096144 | AH27: 0.0027008681 | AI27: =IF(AH27="DNF","DNF",IF(AH27>0,AH$29/AH27*100,"")) -> 65.033961 | AJ27: 0.0001025463 | AK27: =IF(AJ27="DNF","DNF",IF(AJ27>0,AJ$29/AJ27*100,"")) -> 68.848758 | AL27: 0.00048113426 | AM27: =IF(AL27="DNF","DNF",IF(AL27>0,AL$29/AL27*100,"")) -> 74.621121 | AO27: =A27 -> FLCC Alum | AP27: =SUM(C27,E27,G27,I27,K27,AI27,O27,Q27,U27,Y27,S27,,W27,AC27,AG27,AK27,AA27,AE27,M27, AM27) -> 1258.6695 | AQ27: =RANK(AP27,AP27:AP30,0) -> 1 | AR27: 3 | AS27: =INDEX($AO$25:AO29,MATCH(AR5,$AQ$25:$AQ$27,0)) -> Dartmouth Alum | AT27: =INDEX($AP$25:$AP$27,MATCH(AS27,$AO$25:$AO$27,0)) -> 952.70004
C28: =IF(B28="DNF","DNF",IF(B28>0,B$29/B28*100,"")) | E28: =IF(D28="DNF","DNF",IF(D28>0,D$29/D28*100,"")) | G28: =IF(F28="DNF","DNF",IF(F28>0,F$29/F28*100,"")) | I28: =IF(H28="DNF","DNF",IF(H28>0,H$29/H28*100,"")) | K28: =IF(J28="DNF","DNF",IF(J28>0,J$29/J28*100,"")) | M28: =IF(L28="DNF","DNF",IF(L28>0,L$29/L28*100,"")) | O28: =IF(N28="DNF","DNF",IF(N28<>"",N28/N$29*100,"")) | S28: =IF(R28="DNF","DNF",IF(R28>0,R$29/R28*100,"")) | U28: =IF(T28="DNF","DNF",IF(T28>0,T$29/T28*100,"")) | W28: =IF(V28="DNF","DNF",IF(V28<>"",V28/V$29*100,"")) | Y28: =IF(X28="DNF","DNF",IF(X28>0,X$29/X28*100,"")) | AA28: =IF(Z28="DNF","DNF",IF(Z28>0,Z$29/Z28*100,"")) | AC28: =IF(AB28="DNF","DNF",IF(AB28>0,AB$29/AB28*100,"")) | AE28: =IF(AD28="DNF","DNF",IF(AD28>0,AD$29/AD28*100,"")) | AG28: =IF(AF28="DNF","DNF",IF(AF28>0,AF$29/AF28*100,"")) | AI28: =IF(AH28="DNF","DNF",IF(AH28>0,AH$29/AH28*100,"")) | AK28: =IF(AJ28="DNF","DNF",IF(AJ28>0,AJ$29/AJ28*100,"")) | AM28: =IF(AL28="DNF","DNF",IF(AL28>0,AL$29/AL28*100,""))
A29: Top U-Grad Score | B29: =MIN(B3:B24) -> 0.002153125 | D29: =MIN(D3:D24) -> 0.0017655093 | F29: =MIN(F3:F24) -> 0.0019831019 | H29: =MIN(H3:H24) -> 0.0016716435 | J29: =MIN(J3:J17) -> 0.00081417824 | L29: =MIN(L3:L26) -> 0.0049396991 | N29: =MAX(N3:N25) -> 27 | P29: =MIN(P3:P17) -> 0.00017546296 | R29: =MAX(S3:S22) -> 100 | T29: =MIN(T3:T24) -> 0.0008349537 | V29: =MAX(V3:V22) -> 24 | X29: =MIN(X3:X24) -> 0.0004318287 | Z29: =MIN(Z3:Z17) -> 0.00051232639 | AB29: =MIN(AB3:AB24) -> 0.00043275463 | AD29: =MIN(AD3:AD24) -> 0.00063831019 | AF29: =MIN(AF3:AF25) -> 0.00067025463 | AH29: =MIN(AH3:AH24) -> 0.0017564815 | AJ29: =MIN(AJ3:AJ24) -> 7.0601852e-05 | AL29: =MIN(AL3:AL24) -> 0.00035902778
A30: 1st Place | B30: {=INDEX($A$3:$A$24, MATCH(B31,B3:B24,0))} -> FLCC | D30: {=INDEX($A$3:$A$24, MATCH(D31,D3:D24,0))} -> ESF | F30: {=INDEX($A$3:$A$24, MATCH(F31,F3:F24,0))} -> ESF | H30: {=INDEX($A$3:$A$24, MATCH(H31,H3:H24,0))} -> Paul Smiths | J30: {=INDEX($A$3:$A$24, MATCH(J31,J3:J24,0))} -> Alfred State | L30: =INDEX($A$3:$A$24, MATCH(L31,L3:L24,0)) -> Paul Smiths | N30: {=INDEX($A$3:$A$24, MATCH(N31,N3:N24,0))} -> ESF | O30: (TIE) | P30: {=INDEX($A$3:$A$24, MATCH(P31,P3:P24,0))} -> Paul Smiths | R30: {=INDEX($A$3:$A$24, MATCH(R31,S3:S24,0))} -> Paul Smiths | T30: {=INDEX($A$3:$A$24, MATCH(T31,T3:T24,0))} -> Paul Smiths | V30: {=INDEX($A$3:$A$24, MATCH(V31,V3:V24,0))} -> Alfred State | X30: {=INDEX($A$3:$A$24, MATCH(X31,X3:X24,0))} -> ESF | Z30: {=INDEX($A$3:$A$24, MATCH(Z31,Z3:Z24,0))} -> Colby | AB30: {=INDEX($A$3:$A$24, MATCH(AB31,AB3:AB24,0))} -> Alfred State | AD30: {=INDEX($A$3:$A$24, MATCH(AD31,AD3:AD24,0))} -> Paul Smiths | AF30: {=INDEX($A$3:$A$24, MATCH(AF31,AF3:AF24,0))} -> Paul Smiths | AH30: {=INDEX($A$3:$A$24, MATCH(AH31,AH3:AH24,0))} -> Ranger | AJ30: {=INDEX($A$3:$A$24, MATCH(AJ31,AJ3:AJ24,0))} -> Colby | AL30: =INDEX($A$3:$A$24, MATCH(AL31,AL3:AL24,0)) -> Unity
A31: Result | B31: =SMALL(B3:B24,1) -> 0.002153125 | D31: =SMALL(D3:D24,1) -> 0.0017655093 | F31: =SMALL(F3:F24,1) -> 0.0019831019 | H31: =SMALL(H3:H24,1) -> 0.0016716435 | J31: =SMALL(J3:J24,1) -> 0.00081417824 | L31: =SMALL(L3:L24,1) -> 0.0049396991 | N31: =LARGE(N3:N24,1) -> 27 | P31: =SMALL(P3:P24,1) -> 0.00017546296 | R31: =LARGE(S3:S24,1) -> 100 | T31: =SMALL(T3:T24,1) -> 0.0008349537 | V31: =LARGE(V3:V24,1) -> 24 | X31: =SMALL(X3:X24,1) -> 0.0004318287 | Z31: =SMALL(Z3:Z24,1) -> 0.00051232639 | AB31: =SMALL(AB3:AB24,1) -> 0.00043275463 | AD31: =SMALL(AD3:AD24,1) -> 0.00063831019 | AF31: =SMALL(AF3:AF24,1) -> 0.00067025463 | AH31: =SMALL(AH3:AH24,1) -> 0.0017564815 | AJ31: =SMALL(AJ3:AJ24,1) -> 7.0601852e-05 | AL31: =SMALL(AL3:AL24,1) -> 0.00035902778
A32: 2nd Place | B32: {=INDEX($A$3:$A$24, MATCH(B33,B3:B24,0))} -> Alfred State | D32: {=INDEX($A$3:$A$24, MATCH(D33,D3:D24,0))} -> FLCC | F32: {=INDEX($A$3:$A$24, MATCH(F33,F3:F24,0))} -> Cobleskill | H32: {=INDEX($A$3:$A$24, MATCH(H33,H3:H24,0))} -> Unity | J32: {=INDEX($A$3:$A$24, MATCH(J33,J3:J24,0))} -> ESF | L32: {=INDEX($A$3:$A$24, MATCH(L33,L3:L24,0))} -> Alfred State | N32: UNH | O32: (TIE) | P32: {=INDEX($A$3:$A$24, MATCH(P33,P3:P24,0))} -> UNH | R32: {=INDEX($A$3:$A$24, MATCH(R33,S3:S24,0))} -> ESF | T32: {=INDEX($A$3:$A$24, MATCH(T33,T3:T24,0))} -> Colby | V32: {=INDEX( $A$3:$A$24, MATCH(V33,V3:V24,0))} -> Cobleskill | W32: (TIE) | X32: {=INDEX($A$3:$A$24, MATCH(X33,X3:X24,0))} -> Paul Smiths | Z32: {=INDEX($A$3:$A$24, MATCH(Z33,Z3:Z24,0))} -> Cobleskill | AB32: {=INDEX($A$3:$A$24, MATCH(AB33,AB3:AB24,0))} -> Paul Smiths | AD32: {=INDEX($A$3:$A$24, MATCH(AD33,AD3:AD24,0))} -> Alfred State | AF32: {=INDEX($A$3:$A$24, MATCH(AF33,AF3:AF24,0))} -> ESF | AH32: {=INDEX($A$3:$A$24, MATCH(AH33,AH3:AH24,0))} -> Morrisville | AJ32: {=INDEX($A$3:$A$24, MATCH(AJ33,AJ3:AJ24,0))} -> ESF | AL32: =INDEX($A$3:$A$24, MATCH(AL33,AL3:AL24,0)) -> Paul Smiths
A33: Result | B33: =SMALL(B3:B24,2) -> 0.0022112269 | D33: =SMALL(D3:D24,2) -> 0.0017842593 | F33: =SMALL(F3:F24,2) -> 0.0020104167 | H33: =SMALL(H3:H24,2) -> 0.0019413194 | J33: =SMALL(J3:J24,2) -> 0.00082413194 | L33: =SMALL(L3:L24,2) -> 0.0053094907 | N33: =LARGE(N3:N24,2) -> 27 | P33: =SMALL(P3:P24,2) -> 0.00020277778 | R33: =LARGE(S5:S26,2) -> 90 | T33: =SMALL(T3:T24,2) -> 0.001027662 | V33: =LARGE(V3:V24,2) -> 18 | X33: =SMALL(X3:X24,2) -> 0.00046527778 | Z33: =SMALL(Z3:Z24,2) -> 0.00052899306 | AB33: =SMALL(AB3:AB24,2) -> 0.00045775463 | AD33: =SMALL(AD3:AD24,2) -> 0.0006556713 | AF33: =SMALL(AF3:AF24,2) -> 0.00076979167 | AH33: =SMALL(AH3:AH24,2) -> 0.0020053241 | AJ33: =SMALL(AJ3:AJ24,2) -> 8.1828704e-05 | AL33: =SMALL(AL3:AL24,2) -> 0.00036979167
A34: 3rd Place | B34: {=INDEX($A$3:$A$24, MATCH(B35,B3:B24,0))} -> ESF | D34: {=INDEX($A$3:$A$24, MATCH(D35,D3:D24,0))} -> Alfred State | F34: {=INDEX($A$3:$A$24, MATCH(F35,F3:F24,0))} -> FLCC | H34: {=INDEX($A$3:$A$24, MATCH(H35,H3:H24,0))} -> ESF | J34: {=INDEX($A$3:$A$24, MATCH(J35,J3:J24,0))} -> Paul Smiths | L34: {=INDEX($A$3:$A$24, MATCH(L35,L3:L24,0))} -> Ranger | N34: =INDEX( $A$3:$A$24, MATCH(N35,N3:N24,0)) -> Ranger | P34: {=INDEX($A$3:$A$24, MATCH(P35,P3:P24,0))} -> FLCC | R34: {=INDEX($A$3:$A$24, MATCH(R35,S3:S24,0))} -> UMO | T34: {=INDEX($A$3:$A$24, MATCH(T35,T3:T24,0))} -> FLCC | V34: UMO | W34: (TIE) | X34: {=INDEX($A$3:$A$24, MATCH(X35,X3:X24,0))} -> Alfred State | Z34: {=INDEX($A$3:$A$24, MATCH(Z35,Z3:Z24,0))} -> FLCC | AB34: {=INDEX($A$3:$A$24, MATCH(AB35,AB3:AB24,0))} -> Unity | AD34: {=INDEX($A$3:$A$24, MATCH(AD35,AD3:AD24,0))} -> FLCC | AF34: {=INDEX($A$3:$A$24, MATCH(AF35,AF3:AF24,0))} -> Alfred State | AH34: {=INDEX($A$3:$A$24, MATCH(AH35,AH3:AH24,0))} -> FLCC | AJ34: {=INDEX($A$3:$A$24, MATCH(AJ35,AJ3:AJ24,0))} -> Unity | AL34: =INDEX($A$3:$A$24, MATCH(AL35,AL3:AL24,0)) -> ESF
A35: Result | B35: =SMALL(B3:B24,3) -> 0.0022825231 | D35: =SMALL(D3:D24,3) -> 0.0019854167 | F35: =SMALL(F3:F24,3) -> 0.0020732639 | H35: =SMALL(H3:H24,3) -> 0.0019858796 | J35: =SMALL(J3:J24,3) -> 0.00083478009 | L35: =SMALL(L3:L24,3) -> 0.0053876157 | N35: =LARGE(N3:N24,3) -> 25 | P35: =SMALL(P3:P24,3) -> 0.00021030093 | R35: =LARGE(S7:S28,3) -> 80 | T35: =SMALL(T3:T24,3) -> 0.0010907407 | V35: =LARGE(V3:V24,3) -> 18 | X35: =SMALL(X3:X24,3) -> 0.00052916667 | Z35: =SMALL(Z3:Z24,3) -> 0.00055451389 | AB35: =SMALL(AB3:AB24,3) -> 0.00046597222 | AD35: =SMALL(AD3:AD24,3) -> 0.00071087963 | AF35: =SMALL(AF3:AF24,3) -> 0.00080555556 | AH35: =SMALL(AH3:AH24,3) -> 0.0020175926 | AJ35: =SMALL(AJ3:AJ24,3) -> 8.75e-05 | AL35: =SMALL(AL3:AL24,3) -> 0.0003943287
A60: Women's | B60: Singles Canoeing | D60: Doubles Canoeing | F60: Portage | H60: Team Pulp Throw | J60: Log Rolling | L60: Packboard Relay | N60: Axe Throw | P60: Single Buck | R60: Birling | T60: Chain Throw | V60: Disc Stack | X60: Vertical Chop | Z60: Scootloading | AB60: Crosscut Sawing | AD60: Bucksawing | AF60: Horizontal Chop | AH60: Splitting | AJ60: Pole Climb | AL60: Crosscut to Death
A61: Teams | B61: Time | C61: Score | D61: Time | E61: Score | F61: Time | G61: Score | H61: Time | I61: Score | J61: Time | K61: Score | L61: Time | M61: Score | N61: Mark | O61: Score | P61: Time | Q61: Score | R61: Time | S61: Score | T61: Time | U61: Score | V61: Raw Pts | W61: Score | X61: Time | Y61: Score | Z61: Time | AA61: Score | AB61: Time | AC61: Score | AD61: Time | AE61: Score | AF61: Time | AG61: Score | AH61: Time | AI61: Score | AJ61: Time | AK61: Score | AL61: Time | AM61: Score | AO61: TEAM | AP61: TOTAL | AQ61: RANK | AR61: Rank | AS61: Team | AT61: Score
A62: UMO | B62: 0.0042636574 | C62: =IF(B62="DNF","DNF",IF(B62>0,B$78/B62*100,"")) -> 58.955426 | D62: 0.0030770833 | E62: =IF(D62="DNF","DNF",IF(D62>0,D$78/D62*100,"")) -> 67.524261 | F62: 0.0037813657 | G62: =IF(F62="DNF","DNF",IF(F62>0,F$78/F62*100,"")) -> 68.874537 | H62: 0.0020575231 | I62: =IF(H62="DNF","DNF",IF(H62>0,H$78/H62*100,"")) -> 61.090173 | J62: 0.0014943287 | K62: =IF(J62="DNF","DNF",IF(J62>0,J$78/J62*100,"")) -> 64.212687 | L62: 0.007335706 | M62: =IF(L62="DNF","DNF",IF(L62>0,L$78/L62*100,"")) -> 85.576794 | N62: 4 | O62: =IF(N62="DNF","DNF",IF(N62<>"",N62/N$78*100,"")) -> 19.047619 | P62: 0.00025081019 | Q62: =IF(P62="DNF","DNF",IF(P62>0,P$78/P62*100,"")) -> 100 | R62: =Birling!B39 -> 7.28 | S62: =Birling!C39 -> 21.101449 | T62: 0.0013387731 | U62: =IF(T62="DNF","DNF",IF(T62>0,T$78/T62*100,"")) -> 57.23178 | V62: 5 | W62: =IF(V62="DNF","DNF",IF(V62<>"",V62/V$78*100,"")) -> 25 | X62: 0.0020559028 | Y62: =IF(X62="DNF","DNF",IF(X62>0,X$78/X62*100,"")) -> 26.144232 | Z62: 0.0028140046 | AA62: =IF(Z62="DNF","DNF",IF(Z62>0,Z$78/Z62*100,"")) -> 25.29511 | AB62: 0.00065243056 | AC62: =IF(AB62="DNF","DNF",IF(AB62>0,AB$78/AB62*100,"")) -> 100 | AD62: 0.0017790509 | AE62: =IF(AD62="DNF","DNF",IF(AD62>0,AD$78/AD62*100,"")) -> 57.432828 | AF62: 0.0068530093 | AG62: =IF(AF62="DNF","DNF",IF(AF62>0,AF$78/AF62*100,"")) -> 20.589427 | AH62: 0.0028266204 | AI62: =IF(AH62="DNF","DNF",IF(AH62>0,AH$78/AH62*100,"")) -> 65.744001 | AJ62: 0.00026990741 | AK62: =IF(AJ62="DNF","DNF",IF(AJ62>0,AJ$78/AJ62*100,"")) -> 45.540309 | AL62: 0.0017653935 | AM62: =IF(AL62="DNF","DNF",IF(AL62>0,AL$78/AL62*100,"")) -> 34.288337 | AO62: =A62 -> UMO | AP62: =SUM(C62,E62,G62,I62,K62,AI62,O62,Q62,U62,Y62,S62,,W62,AC62,AG62,AK62,AA62,AE62,M62,AM62) -> 1003.649 | AQ62: =RANK(AP62,$AP$62:$AP$73,0) -> 5 | AR62: 1 | AS62: =INDEX($AO$62:$AO$71,MATCH(AR62,$AQ$62:$AQ$71,0)) -> ESF | AT62: =INDEX($AP$62:$AP$71,MATCH(AS62,$AO$62:$AO$71,0)) -> 1696.5326
A63: FLCC | B63: 0.0026993056 | C63: =IF(B63="DNF","DNF",IF(B63>0,B$78/B63*100,"")) -> 93.122374 | D63: 0.0022332176 | E63: =IF(D63="DNF","DNF",IF(D63>0,D$78/D63*100,"")) -> 93.039648 | F63: 0.0026043981 | G63: =IF(F63="DNF","DNF",IF(F63>0,F$78/F63*100,"")) -> 100 | H63: 0.0014956019 | I63: =IF(H63="DNF","DNF",IF(H63>0,H$78/H63*100,"")) -> 84.042718 | J63: 0.0011250579 | K63: =IF(J63="DNF","DNF",IF(J63>0,J$78/J63*100,"")) -> 85.288823 | L63: 0.0079124421 | M63: =IF(L63="DNF","DNF",IF(L63>0,L$78/L63*100,"")) -> 79.339121 | N63: 12 | O63: =IF(N63="DNF","DNF",IF(N63<>"",N63/N$78*100,"")) -> 57.142857 | P63: 0.00062361111 | Q63: =IF(P63="DNF","DNF",IF(P63>0,P$78/P63*100,"")) -> 40.219005 | R63: =Birling!B40 -> 27.6 | S63: =Birling!C40 -> 80 | T63: 0.0019162037 | U63: =IF(T63="DNF","DNF",IF(T63>0,T$78/T63*100,"")) -> 39.985504 | V63: 15 | W63: =IF(V63="DNF","DNF",IF(V63<>"",V63/V$78*100,"")) -> 75 | X63: 0.0016094907 | Y63: =IF(X63="DNF","DNF",IF(X63>0,X$78/X63*100,"")) -> 33.395657 | Z63: 0.0013181713 | AA63: =IF(Z63="DNF","DNF",IF(Z63>0,Z$78/Z63*100,"")) -> 53.999473 | AB63: 0.00080648148 | AC63: =IF(AB63="DNF","DNF",IF(AB63>0,AB$78/AB63*100,"")) -> 80.898393 | AD63: 0.001043287 | AE63: =IF(AD63="DNF","DNF",IF(AD63>0,AD$78/AD63*100,"")) -> 97.936543 | AF63: 0.0052701389 | AG63: =IF(AF63="DNF","DNF",IF(AF63>0,AF$78/AF63*100,"")) -> 26.7734 | AH63: 0.0025527778 | AI63: =IF(AH63="DNF","DNF",IF(AH63>0,AH$78/AH63*100,"")) -> 72.796518 | AJ63: 0.00012615741 | AK63: =IF(AJ63="DNF","DNF",IF(AJ63>0,AJ$78/AJ63*100,"")) -> 97.431193 | AL63: 0.00083888889 | AM63: =IF(AL63="DNF","DNF",IF(AL63>0,AL$78/AL63*100,"")) -> 72.157837 | AO63: =A63 -> FLCC | AP63: =SUM(C63,E63,G63,I63,K63,AI63,O63,Q63,U63,Y63,S63,,W63,AC63,AG63,AK63,AA63,AE63,M63,AM63) -> 1362.5691 | AQ63: =RANK(AP63,$AP$62:$AP$73,0) -> 3 | AR63: 2 | AS63: =INDEX($AO$62:$AO$71,MATCH(AR63,$AQ$62:$AQ$71,0)) -> Colby | AT63: =INDEX($AP$62:$AP$71,MATCH(AS63,$AO$62:$AO$71,0)) -> 1490.6866
A64: Colby | B64: 0.0026087963 | C64: =IF(B64="DNF","DNF",IF(B64>0,B$78/B64*100,"")) -> 96.35315 | D64: 0.0022613426 | E64: =IF(D64="DNF","DNF",IF(D64>0,D$78/D64*100,"")) -> 91.882485 | F64: 0.003222338 | G64: =IF(F64="DNF","DNF",IF(F64>0,F$78/F64*100,"")) -> 80.823246 | H64: 0.0013466435 | I64: =IF(H64="DNF","DNF",IF(H64>0,H$78/H64*100,"")) -> 93.339063 | J64: 0.0012730324 | K64: =IF(J64="DNF","DNF",IF(J64>0,J$78/J64*100,"")) -> 75.375034 | L64: 0.0073517361 | M64: =IF(L64="DNF","DNF",IF(L64>0,L$78/L64*100,"")) -> 85.390198 | N64: 17 | O64: =IF(N64="DNF","DNF",IF(N64<>"",N64/N$78*100,"")) -> 80.952381 | P64: 0.0003 | Q64: =IF(P64="DNF","DNF",IF(P64>0,P$78/P64*100,"")) -> 83.603395 | R64: =Birling!B41 -> 188.4 | S64: =Birling!C41 -> 90 | T64: 0.0007662037 | U64: =IF(T64="DNF","DNF",IF(T64>0,T$78/T64*100,"")) -> 100 | V64: 2 | W64: =IF(V64="DNF","DNF",IF(V64<>"",V64/V$78*100,"")) -> 10 | X64: 0.0011185185 | Y64: =IF(X64="DNF","DNF",IF(X64>0,X$78/X64*100,"")) -> 48.054636 | Z64: 0.00071180556 | AA64: =IF(Z64="DNF","DNF",IF(Z64>0,Z$78/Z64*100,"")) -> 100 | AB64: 0.00099606481 | AC64: =IF(AB64="DNF","DNF",IF(AB64>0,AB$78/AB64*100,"")) -> 65.500813 | AD64: 0.0012606481 | AE64: =IF(AD64="DNF","DNF",IF(AD64>0,AD$78/AD64*100,"")) -> 81.050312 | AF64: 0.0020136574 | AG64: =IF(AF64="DNF","DNF",IF(AF64>0,AF$78/AF64*100,"")) -> 70.071273 | AH64: 0.0018583333 | AI64: =IF(AH64="DNF","DNF",IF(AH64>0,AH$78/AH64*100,"")) -> 100 | AJ64: 0.00013854167 | AK64: =IF(AJ64="DNF","DNF",IF(AJ64>0,AJ$78/AJ64*100,"")) -> 88.721805 | AL64: 0.0012211806 | AM64: =IF(AL64="DNF","DNF",IF(AL64>0,AL$78/AL64*100,"")) -> 49.568761 | AO64: =A64 -> Colby | AP64: =SUM(C64,E64,G64,I64,K64,AI64,O64,Q64,U64,Y64,S64,,W64,AC64,AG64,AK64,AA64,AE64,M64,AM64) -> 1490.6866 | AQ64: =RANK(AP64,$AP$62:$AP$73,0) -> 2 | AR64: 3 | AS64: =INDEX($AO$62:$AO$71,MATCH(AR64,$AQ$62:$AQ$71,0)) -> FLCC | AT64: =INDEX($AP$62:$AP$71,MATCH(AS64,$AO$62:$AO$71,0)) -> 1362.5691
A65: Unity | B65: 0.0035505787 | C65: =IF(B65="DNF","DNF",IF(B65>0,B$78/B65*100,"")) -> 70.79571 | D65: 0.003596412 | E65: =IF(D65="DNF","DNF",IF(D65>0,D$78/D65*100,"")) -> 57.77363 | F65: 0.0031268519 | G65: =IF(F65="DNF","DNF",IF(F65>0,F$78/F65*100,"")) -> 83.291383 | H65: 0.0019125 | I65: =IF(H65="DNF","DNF",IF(H65>0,H$78/H65*100,"")) -> 65.722585 | J65: 0.0012859954 | K65: =IF(J65="DNF","DNF",IF(J65>0,J$78/J65*100,"")) -> 74.615246 | L65: 0.0080470486 | M65: =IF(L65="DNF","DNF",IF(L65>0,L$78/L65*100,"")) -> 78.011981 | N65: 8 | O65: =IF(N65="DNF","DNF",IF(N65<>"",N65/N$78*100,"")) -> 38.095238 | P65: 0.00045150463 | Q65: =IF(P65="DNF","DNF",IF(P65>0,P$78/P65*100,"")) -> 55.549859 | R65: =Birling!B42 -> 2.9 | S65: =Birling!C42 -> 8.4057971 | T65: 0.0017400463 | U65: =IF(T65="DNF","DNF",IF(T65>0,T$78/T65*100,"")) -> 44.033524 | V65: 7 | W65: =IF(V65="DNF","DNF",IF(V65<>"",V65/V$78*100,"")) -> 35 | X65: 0.0053251157 | Y65: =IF(X65="DNF","DNF",IF(X65>0,X$78/X65*100,"")) -> 10.093677 | Z65: 0.0016336806 | AA65: =IF(Z65="DNF","DNF",IF(Z65>0,Z$78/Z65*100,"")) -> 43.57067 | AB65: 0.00095081019 | AC65: =IF(AB65="DNF","DNF",IF(AB65>0,AB$78/AB65*100,"")) -> 68.618381 | AD65: 0.0015702546 | AE65: =IF(AD65="DNF","DNF",IF(AD65>0,AD$78/AD65*100,"")) -> 65.069654 | AF65: 0.0046166667 | AG65: =IF(AF65="DNF","DNF",IF(AF65>0,AF$78/AF65*100,"")) -> 30.563077 | AH65: 0.0021430556 | AI65: =IF(AH65="DNF","DNF",IF(AH65>0,AH$78/AH65*100,"")) -> 86.714193 | AJ65: 0.00079930556 | AK65: =IF(AJ65="DNF","DNF",IF(AJ65>0,AJ$78/AJ65*100,"")) -> 15.377932 | AL65: 0.00088043981 | AM65: =IF(AL65="DNF","DNF",IF(AL65>0,AL$78/AL65*100,"")) -> 68.752465 | AO65: =A65 -> Unity | AP65: =SUM(C65,E65,G65,I65,K65,AI65,O65,Q65,U65,Y65,S65,,W65,AC65,AG65,AK65,AA65,AE65,M65,AM65) -> 1000.055 | AQ65: =RANK(AP65,$AP$62:$AP$73,0) -> 6 | AR65: 4 | AS65: =INDEX($AO$62:$AO$71,MATCH(AR65,$AQ$62:$AQ$71,0)) -> UNH | AT65: =INDEX($AP$62:$AP$71,MATCH(AS65,$AO$62:$AO$71,0)) -> 1305.4951
A66: ESF | B66: 0.0025136574 | C66: =IF(B66="DNF","DNF",IF(B66>0,B$78/B66*100,"")) -> 100 | D66: 0.0020777778 | E66: =IF(D66="DNF","DNF",IF(D66>0,D$78/D66*100,"")) -> 100 | F66: 0.0028041667 | G66: =IF(F66="DNF","DNF",IF(F66>0,F$78/F66*100,"")) -> 92.876011 | H66: 0.0012569444 | I66: =IF(H66="DNF","DNF",IF(H66>0,H$78/H66*100,"")) -> 100 | J66: 0.00095954861 | K66: =IF(J66="DNF","DNF",IF(J66>0,J$78/J66*100,"")) -> 100 | L66: 0.006277662 | M66: =IF(L66="DNF","DNF",IF(L66>0,L$78/L66*100,"")) -> 100 | N66: 13 | O66: =IF(N66="DNF","DNF",IF(N66<>"",N66/N$78*100,"")) -> 61.904762 | P66: 0.00035324074 | Q66: =IF(P66="DNF","DNF",IF(P66>0,P$78/P66*100,"")) -> 71.002621 | R66: =Birling!B43 -> 300 | S66: =Birling!C43 -> 100 | T66: 0.0015266204 | U66: =IF(T66="DNF","DNF",IF(T66>0,T$78/T66*100,"")) -> 50.189538 | V66: 20 | W66: =IF(V66="DNF","DNF",IF(V66<>"",V66/V$78*100,"")) -> 100 | X66: 0.0005375 | Y66: =IF(X66="DNF","DNF",IF(X66>0,X$78/X66*100,"")) -> 100 | Z66: 0.0010018519 | AA66: =IF(Z66="DNF","DNF",IF(Z66>0,Z$78/Z66*100,"")) -> 71.048983 | AB66: 0.00065243056 | AC66: =IF(AB66="DNF","DNF",IF(AB66>0,AB$78/AB66*100,"")) -> 100 | AD66: 0.0010217593 | AE66: =IF(AD66="DNF","DNF",IF(AD66>0,AD$78/AD66*100,"")) -> 100 | AF66: 0.0014109954 | AG66: =IF(AF66="DNF","DNF",IF(AF66>0,AF$78/AF66*100,"")) -> 100 | AH66: 0.0022431713 | AI66: =IF(AH66="DNF","DNF",IF(AH66>0,AH$78/AH66*100,"")) -> 82.844022 | AJ66: 0.000184375 | AK66: =IF(AJ66="DNF","DNF",IF(AJ66>0,AJ$78/AJ66*100,"")) -> 66.666667 | AL66: 0.00060532407 | AM66: =IF(AL66="DNF","DNF",IF(AL66>0,AL$78/AL66*100,"")) -> 100 | AO66: =A66 -> ESF | AP66: =SUM(C66,E66,G66,I66,K66,AI66,O66,Q66,U66,Y66,S66,,W66,AC66,AG66,AK66,AA66,AE66,M66,AM66) -> 1696.5326 | AQ66: =RANK(AP66,$AP$62:$AP$73,0) -> 1 | AR66: 5 | AS66: =INDEX($AO$62:$AO$71,MATCH(AR66,$AQ$62:$AQ$71,0)) -> UMO | AT66: =INDEX($AP$62:$AP$71,MATCH(AS66,$AO$62:$AO$71,0)) -> 1003.649
A67: UNH | B67: 0.003362963 | C67: =IF(B67="DNF","DNF",IF(B67>0,B$78/B67*100,"")) -> 74.745319 | D67: 0.0025231481 | E67: =IF(D67="DNF","DNF",IF(D67>0,D$78/D67*100,"")) -> 82.348624 | F67: 0.003552662 | G67: =IF(F67="DNF","DNF",IF(F67>0,F$78/F67*100,"")) -> 73.308356 | H67: 0.0020826389 | I67: =IF(H67="DNF","DNF",IF(H67>0,H$78/H67*100,"")) -> 60.353451 | J67: 0.0016298032 | K67: =IF(J67="DNF","DNF",IF(J67>0,J$78/J67*100,"")) -> 58.87512 | L67: 0.0076156829 | M67: =IF(L67="DNF","DNF",IF(L67>0,L$78/L67*100,"")) -> 82.430718 | N67: 21 | O67: =IF(N67="DNF","DNF",IF(N67<>"",N67/N$78*100,"")) -> 100 | P67: 0.00041678241 | Q67: =IF(P67="DNF","DNF",IF(P67>0,P$78/P67*100,"")) -> 60.177728 | R67: =Birling!B44 -> 300 | S67: =Birling!C44 -> 85 | T67: 0.00121875 | U67: =IF(T67="DNF","DNF",IF(T67>0,T$78/T67*100,"")) -> 62.867996 | V67: 8 | W67: =IF(V67="DNF","DNF",IF(V67<>"",V67/V$78*100,"")) -> 40 | X67: 0.00075081019 | Y67: =IF(X67="DNF","DNF",IF(X67>0,X$78/X67*100,"")) -> 71.589333 | Z67: 0.0020361111 | AA67: =IF(Z67="DNF","DNF",IF(Z67>0,Z$78/Z67*100,"")) -> 34.959072 | AB67: 0.00079571759 | AC67: =IF(AB67="DNF","DNF",IF(AB67>0,AB$78/AB67*100,"")) -> 81.992727 | AD67: 0.0017518519 | AE67: =IF(AD67="DNF","DNF",IF(AD67>0,AD$78/AD67*100,"")) -> 58.324524 | AF67: 0.0025418981 | AG67: =IF(AF67="DNF","DNF",IF(AF67>0,AF$78/AF67*100,"")) -> 55.509516 | AH67: 0.0035251157 | AI67: =IF(AH67="DNF","DNF",IF(AH67>0,AH$78/AH67*100,"")) -> 52.716945 | AJ67: 0.00012291667 | AK67: =IF(AJ67="DNF","DNF",IF(AJ67>0,AJ$78/AJ67*100,"")) -> 100 | AL67: 0.00086111111 | AM67: =IF(AL67="DNF","DNF",IF(AL67>0,AL$78/AL67*100,"")) -> 70.295699 | AO67: =A67 -> UNH | AP67: =SUM(C67,E67,G67,I67,K67,AI67,O67,Q67,U67,Y67,S67,,W67,AC67,AG67,AK67,AA67,AE67,M67,AM67) -> 1305.4951 | AQ67: =RANK(AP67,$AP$62:$AP$73,0) -> 4 | AR67: 6 | AS67: =INDEX($AO$62:$AO$71,MATCH(AR67,$AQ$62:$AQ$71,0)) -> Unity | AT67: =INDEX($AP$62:$AP$71,MATCH(AS67,$AO$62:$AO$71,0)) -> 1000.055
C68: =IF(B68="DNF","DNF",IF(B68>0,B$78/B68*100,"")) | E68: =IF(D68="DNF","DNF",IF(D68>0,D$78/D68*100,"")) | G68: =IF(F68="DNF","DNF",IF(F68>0,F$78/F68*100,"")) | I68: =IF(H68="DNF","DNF",IF(H68>0,H$78/H68*100,"")) | K68: =IF(J68="DNF","DNF",IF(J68>0,J$78/J68*100,"")) | M68: =IF(L68="DNF","DNF",IF(L68>0,L$78/L68*100,"")) | O68: =IF(N68="DNF","DNF",IF(N68<>"",N68/N$78*100,"")) | Q68: =IF(P68="DNF","DNF",IF(P68>0,P$78/P68*100,"")) | U68: =IF(T68="DNF","DNF",IF(T68>0,T$78/T68*100,"")) | W68: =IF(V68="DNF","DNF",IF(V68<>"",V68/V$78*100,"")) | Y68: =IF(X68="DNF","DNF",IF(X68>0,X$78/X68*100,"")) | AA68: =IF(Z68="DNF","DNF",IF(Z68>0,Z$78/Z68*100,"")) | AC68: =IF(AB68="DNF","DNF",IF(AB68>0,AB$78/AB68*100,"")) | AE68: =IF(AD68="DNF","DNF",IF(AD68>0,AD$78/AD68*100,"")) | AG68: =IF(AF68="DNF","DNF",IF(AF68>0,AF$78/AF68*100,"")) | AI68: =IF(AH68="DNF","DNF",IF(AH68>0,AH$78/AH68*100,"")) | AK68: =IF(AJ68="DNF","DNF",IF(AJ68>0,AJ$78/AJ68*100,"")) | AM68: =IF(AL68="DNF","DNF",IF(AL68>0,AL$78/AL68*100,""))
C69: =IF(B69="DNF","DNF",IF(B69>0,B$78/B69*100,"")) | E69: =IF(D69="DNF","DNF",IF(D69>0,D$78/D69*100,"")) | G69: =IF(F69="DNF","DNF",IF(F69>0,F$78/F69*100,"")) | I69: =IF(H69="DNF","DNF",IF(H69>0,H$78/H69*100,"")) | K69: =IF(J69="DNF","DNF",IF(J69>0,J$78/J69*100,"")) | M69: =IF(L69="DNF","DNF",IF(L69>0,L$78/L69*100,"")) | O69: =IF(N69="DNF","DNF",IF(N69<>"",N69/N$78*100,"")) | Q69: =IF(P69="DNF","DNF",IF(P69>0,P$78/P69*100,"")) | U69: =IF(T69="DNF","DNF",IF(T69>0,T$78/T69*100,"")) | W69: =IF(V69="DNF","DNF",IF(V69<>"",V69/V$78*100,"")) | Y69: =IF(X69="DNF","DNF",IF(X69>0,X$78/X69*100,"")) | AA69: =IF(Z69="DNF","DNF",IF(Z69>0,Z$78/Z69*100,"")) | AC69: =IF(AB69="DNF","DNF",IF(AB69>0,AB$78/AB69*100,"")) | AE69: =IF(AD69="DNF","DNF",IF(AD69>0,AD$78/AD69*100,"")) | AG69: =IF(AF69="DNF","DNF",IF(AF69>0,AF$78/AF69*100,"")) | AI69: =IF(AH69="DNF","DNF",IF(AH69>0,AH$78/AH69*100,"")) | AK69: =IF(AJ69="DNF","DNF",IF(AJ69>0,AJ$78/AJ69*100,"")) | AM69: =IF(AL69="DNF","DNF",IF(AL69>0,AL$78/AL69*100,""))
C70: =IF(B70="DNF","DNF",IF(B70>0,B$78/B70*100,"")) | E70: =IF(D70="DNF","DNF",IF(D70>0,D$78/D70*100,"")) | G70: =IF(F70="DNF","DNF",IF(F70>0,F$78/F70*100,"")) | I70: =IF(H70="DNF","DNF",IF(H70>0,H$78/H70*100,"")) | K70: =IF(J70="DNF","DNF",IF(J70>0,J$78/J70*100,"")) | M70: =IF(L70="DNF","DNF",IF(L70>0,L$78/L70*100,"")) | O70: =IF(N70="DNF","DNF",IF(N70<>"",N70/N$78*100,"")) | Q70: =IF(P70="DNF","DNF",IF(P70>0,P$78/P70*100,"")) | U70: =IF(T70="DNF","DNF",IF(T70>0,T$78/T70*100,"")) | W70: =IF(V70="DNF","DNF",IF(V70<>"",V70/V$78*100,"")) | Y70: =IF(X70="DNF","DNF",IF(X70>0,X$78/X70*100,"")) | AA70: =IF(Z70="DNF","DNF",IF(Z70>0,Z$78/Z70*100,"")) | AC70: =IF(AB70="DNF","DNF",IF(AB70>0,AB$78/AB70*100,"")) | AE70: =IF(AD70="DNF","DNF",IF(AD70>0,AD$78/AD70*100,"")) | AG70: =IF(AF70="DNF","DNF",IF(AF70>0,AF$78/AF70*100,"")) | AI70: =IF(AH70="DNF","DNF",IF(AH70>0,AH$78/AH70*100,"")) | AK70: =IF(AJ70="DNF","DNF",IF(AJ70>0,AJ$78/AJ70*100,"")) | AM70: =IF(AL70="DNF","DNF",IF(AL70>0,AL$78/AL70*100,""))
C71: =IF(B71="DNF","DNF",IF(B71>0,B$78/B71*100,"")) | E71: =IF(D71="DNF","DNF",IF(D71>0,D$78/D71*100,"")) | G71: =IF(F71="DNF","DNF",IF(F71>0,F$78/F71*100,"")) | I71: =IF(H71="DNF","DNF",IF(H71>0,H$78/H71*100,"")) | K71: =IF(J71="DNF","DNF",IF(J71>0,J$78/J71*100,"")) | M71: =IF(L71="DNF","DNF",IF(L71>0,L$78/L71*100,"")) | O71: =IF(N71="DNF","DNF",IF(N71<>"",N71/N$78*100,"")) | Q71: =IF(P71="DNF","DNF",IF(P71>0,P$78/P71*100,"")) | U71: =IF(T71="DNF","DNF",IF(T71>0,T$78/T71*100,"")) | W71: =IF(V71="DNF","DNF",IF(V71<>"",V71/V$78*100,"")) | Y71: =IF(X71="DNF","DNF",IF(X71>0,X$78/X71*100,"")) | AA71: =IF(Z71="DNF","DNF",IF(Z71>0,Z$78/Z71*100,"")) | AC71: =IF(AB71="DNF","DNF",IF(AB71>0,AB$78/AB71*100,"")) | AE71: =IF(AD71="DNF","DNF",IF(AD71>0,AD$78/AD71*100,"")) | AG71: =IF(AF71="DNF","DNF",IF(AF71>0,AF$78/AF71*100,"")) | AI71: =IF(AH71="DNF","DNF",IF(AH71>0,AH$78/AH71*100,"")) | AK71: =IF(AJ71="DNF","DNF",IF(AJ71>0,AJ$78/AJ71*100,"")) | AM71: =IF(AL71="DNF","DNF",IF(AL71>0,AL$78/AL71*100,""))
AM72: =IF(AL72="DNF","DNF",IF(AL72>0,AL$78/AL72*100,""))
AM73: =IF(AL73="DNF","DNF",IF(AL73>0,AL$78/AL73*100,""))
AM74: =IF(AL74="DNF","DNF",IF(AL74>0,AL$78/AL74*100,""))
C75: =IF(B75="DNF","DNF",IF(B75>0,B$78/B75*100,"")) | E75: =IF(D75="DNF","DNF",IF(D75>0,D$78/D75*100,"")) | G75: =IF(F75="DNF","DNF",IF(F75>0,F$78/F75*100,"")) | I75: =IF(H75="DNF","DNF",IF(H75>0,H$78/H75*100,"")) | K75: =IF(J75="DNF","DNF",IF(J75>0,J$78/J75*100,"")) | O75: =IF(N75="DNF","DNF",IF(N75<>"",N75/N$78*100,"")) | Q75: =IF(P75="DNF","DNF",IF(P75>0,P$78/P75*100,"")) | U75: =IF(T75="DNF","DNF",IF(T75>0,T$78/T75*100,"")) | Y75: =IF(X75="DNF","DNF",IF(X75>0,X$78/X75*100,"")) | AA75: =IF(Z75="DNF","DNF",IF(Z75>0,Z$78/Z75*100,"")) | AC75: =IF(AB75="DNF","DNF",IF(AB75>0,AB$78/AB75*100,"")) | AE75: =IF(AD75="DNF","DNF",IF(AD75>0,AD$78/AD75*100,"")) | AG75: =IF(AF75="DNF","DNF",IF(AF75>0,AF$78/AF75*100,"")) | AI75: =IF(AH75="DNF","DNF",IF(AH75>0,AH$78/AH75*100,"")) | AK75: =IF(AJ75="DNF","DNF",IF(AJ75>0,AJ$78/AJ75*100,"")) | AM75: =IF(AL75="DNF","DNF",IF(AL75>0,AL$78/AL75*100,""))
C76: =IF(B76="DNF","DNF",IF(B76>0,B$78/B76*100,"")) | E76: =IF(D76="DNF","DNF",IF(D76>0,D$78/D76*100,"")) | G76: =IF(F76="DNF","DNF",IF(F76>0,F$78/F76*100,"")) | I76: =IF(H76="DNF","DNF",IF(H76>0,H$78/H76*100,"")) | K76: =IF(J76="DNF","DNF",IF(J76>0,J$78/J76*100,"")) | M76: =IF(L76="DNF","DNF",IF(L76>0,L$78/L76*100,"")) | O76: =IF(N76="DNF","DNF",IF(N76<>"",N76/N$78*100,"")) | Q76: =IF(P76="DNF","DNF",IF(P76>0,P$78/P76*100,"")) | U76: =IF(T76="DNF","DNF",IF(T76>0,T$78/T76*100,"")) | Y76: =IF(X76="DNF","DNF",IF(X76>0,X$78/X76*100,"")) | AA76: =IF(Z76="DNF","DNF",IF(Z76>0,Z$78/Z76*100,"")) | AC76: =IF(AB76="DNF","DNF",IF(AB76>0,AB$78/AB76*100,"")) | AE76: =IF(AD76="DNF","DNF",IF(AD76>0,AD$78/AD76*100,"")) | AG76: =IF(AF76="DNF","DNF",IF(AF76>0,AF$78/AF76*100,"")) | AI76: =IF(AH76="DNF","DNF",IF(AH76>0,AH$78/AH76*100,"")) | AK76: =IF(AJ76="DNF","DNF",IF(AJ76>0,AJ$78/AJ76*100,"")) | AM76: =IF(AL76="DNF","DNF",IF(AL76>0,AL$78/AL76*100,""))
AM77: =IF(AL77="DNF","DNF",IF(AL77>0,AL$78/AL77*100,""))
A78: Top U-grad Score | B78: =MIN(B62:B73) -> 0.0025136574 | D78: =MIN(D62:D73) -> 0.0020777778 | F78: =MIN(F62:F73) -> 0.0026043981 | H78: =MIN(H62:H73) -> 0.0012569444 | J78: =MIN(J62:J73) -> 0.00095954861 | L78: =MIN(L62:L73) -> 0.006277662 | N78: =MAX(N62:N73) -> 21 | P78: =MIN(P62:P73) -> 0.00025081019 | R78: =MAX(S62:S71) -> 100 | S78: =Birling!C55 -> 0 | T78: =MIN(T62:T73) -> 0.0007662037 | V78: =MAX(V62:V73) -> 20 | X78: =MIN(X62:X73) -> 0.0005375 | Z78: =MIN(Z62:Z73) -> 0.00071180556 | AB78: =MIN(AB62:AB73) -> 0.00065243056 | AD78: =MIN(AD62:AD73) -> 0.0010217593 | AF78: =MIN(AF62:AF73) -> 0.0014109954 | AH78: =MIN(AH62:AH73) -> 0.0018583333 | AJ78: =MIN(AJ62:AJ73) -> 0.00012291667 | AL78: =MIN(AL62:AL73) -> 0.00060532407
A79: 1st Place | B79: {=INDEX($A$62:$A$73, MATCH(B80,B62:B73,0))} -> ESF | D79: {=INDEX($A$62:$A$73, MATCH(D80,D62:D73,0))} -> ESF | F79: {=INDEX($A$62:$A$73, MATCH(F80,F62:F73,0))} -> FLCC | H79: {=INDEX($A$62:$A$73, MATCH(H80,H62:H73,0))} -> ESF | J79: {=INDEX($A$62:$A$73, MATCH(J80,J62:J73,0))} -> ESF | L79: {=INDEX($A$62:$A$73, MATCH(L80,L62:L73,0))} -> ESF | N79: {=INDEX($A$62:$A$73, MATCH(N80,N62:N73,0))} -> UNH | P79: {=INDEX($A$62:$A$73, MATCH(P80,P62:P73,0))} -> UMO | R79: {=INDEX($A$62:$A$73, MATCH(R80,S62:S73,0))} -> ESF | T79: {=INDEX($A$62:$A$73, MATCH(T80,T62:T73,0))} -> Colby | V79: {=INDEX($A$62:$A$73, MATCH(V80,V62:V73,0))} -> ESF | X79: {=INDEX($A$62:$A$73, MATCH(X80,X62:X73,0))} -> ESF | Z79: =INDEX($A$62:$A$73, MATCH(Z80,Z62:Z73,0)) -> Colby | AB79: {=INDEX($A$62:$A$73, MATCH(AB80,AB62:AB73,0))} -> UMO | AC79: (TIE) | AD79: {=INDEX($A$62:$A$73, MATCH(AD80,AD62:AD73,0))} -> ESF | AF79: {=INDEX($A$62:$A$73, MATCH(AF80,AF62:AF73,0))} -> ESF | AH79: =INDEX($A$62:$A$73, MATCH(AH80,AH62:AH73,0)) -> Colby | AJ79: =INDEX($A$62:$A$73, MATCH(AJ80,AJ62:AJ73,0)) -> UNH | AL79: =INDEX($A$62:$A$74, MATCH(AL80,AL62:AL77,0)) -> ESF
A80: Result | B80: =SMALL(B62:B73,1) -> 0.0025136574 | D80: =SMALL(D62:D73,1) -> 0.0020777778 | F80: =SMALL(F62:F73,1) -> 0.0026043981 | H80: =SMALL(H62:H73,1) -> 0.0012569444 | J80: =SMALL(J62:J73,1) -> 0.00095954861 | L80: =SMALL(L62:L73,1) -> 0.006277662 | N80: =LARGE(N62:N73,1) -> 21 | P80: =SMALL(P62:P73,1) -> 0.00025081019 | R80: =LARGE(S62:S68,1) -> 100 | T80: =SMALL(T62:T73,1) -> 0.0007662037 | V80: =LARGE(V62:V73,1) -> 20 | X80: =SMALL(X62:X73,1) -> 0.0005375 | Z80: =SMALL(Z62:Z73,1) -> 0.00071180556 | AB80: =SMALL(AB62:AB73,1) -> 0.00065243056 | AD80: =SMALL(AD62:AD73,1) -> 0.0010217593 | AF80: =SMALL(AF62:AF73,1) -> 0.0014109954 | AH80: =SMALL(AH62:AH73,1) -> 0.0018583333 | AJ80: =SMALL(AJ62:AJ73,1) -> 0.00012291667 | AL80: =SMALL(AL62:AL74,1) -> 0.00060532407
A81: 2nd Place | B81: {=INDEX($A$62:$A$73, MATCH(B82,B62:B73,0))} -> Colby | D81: {=INDEX($A$62:$A$73, MATCH(D82,D62:D73,0))} -> FLCC | F81: {=INDEX($A$62:$A$73, MATCH(F82,F62:F73,0))} -> ESF | H81: {=INDEX($A$62:$A$73, MATCH(H82,H62:H73,0))} -> Colby | J81: {=INDEX($A$62:$A$73, MATCH(J82,J62:J73,0))} -> FLCC | L81: {=INDEX($A$62:$A$73, MATCH(L82,L62:L73,0))} -> UMO | N81: {=INDEX($A$62:$A$73, MATCH(N82,N62:N73,0))} -> Colby | P81: {=INDEX($A$62:$A$73, MATCH(P82,P62:P73,0))} -> Colby | R81: {=INDEX($A$62:$A$73, MATCH(R82,S62:S73,0))} -> Colby | T81: {=INDEX($A$62:$A$73, MATCH(T82,T62:T73,0))} -> UNH | V81: {=INDEX($A$62:$A$73, MATCH(V82,V62:V73,0))} -> FLCC | X81: {=INDEX($A$62:$A$73, MATCH(X82,X62:X73,0))} -> UNH | Z81: {=INDEX($A$62:$A$73, MATCH(Z82,Z62:Z73,0))} -> ESF | AB81: ESF | AC81: (TIE) | AD81: {=INDEX($A$62:$A$73, MATCH(AD82,AD62:AD73,0))} -> FLCC | AF81: {=INDEX($A$62:$A$73, MATCH(AF82,AF62:AF73,0))} -> Colby | AH81: {=INDEX($A$62:$A$73, MATCH(AH82,AH62:AH73,0))} -> Unity | AJ81: {=INDEX($A$62:$A$73, MATCH(AJ82,AJ62:AJ73,0))} -> FLCC | AL81: =INDEX($A$62:$A$74, MATCH(AL82,AL62:AL74,0)) -> FLCC
A82: Result | B82: =SMALL(B62:B73,2) -> 0.0026087963 | D82: =SMALL(D62:D73,2) -> 0.0022332176 | F82: =SMALL(F62:F73,2) -> 0.0028041667 | H82: =SMALL(H62:H73,2) -> 0.0013466435 | J82: =SMALL(J62:J73,2) -> 0.0011250579 | L82: =SMALL(L62:L73,2) -> 0.007335706 | N82: =LARGE(N62:N73,2) -> 17 | P82: =SMALL(P62:P73,2) -> 0.0003 | R82: =LARGE(S62:S68,2) -> 90 | T82: =SMALL(T62:T73,2) -> 0.00121875 | V82: =LARGE(V62:V73,2) -> 15 | X82: =SMALL(X62:X73,2) -> 0.00075081019 | Z82: =SMALL(Z62:Z73,2) -> 0.0010018519 | AB82: =SMALL(AB62:AB73,2) -> 0.00065243056 | AD82: =SMALL(AD62:AD73,2) -> 0.001043287 | AF82: =SMALL(AF62:AF73,2) -> 0.0020136574 | AH82: =SMALL(AH62:AH73,2) -> 0.0021430556 | AJ82: =SMALL(AJ62:AJ73,2) -> 0.00012615741 | AL82: =SMALL(AL62:AL74,2) -> 0.00083888889
A83: 3rd Place | B83: {=INDEX($A$62:$A$73, MATCH(B84,B62:B73,0))} -> FLCC | D83: {=INDEX($A$62:$A$73, MATCH(D84,D62:D73,0))} -> Colby | F83: {=INDEX($A$62:$A$73, MATCH(F84,F62:F73,0))} -> Unity | H83: {=INDEX($A$62:$A$73, MATCH(H84,H62:H73,0))} -> FLCC | J83: {=INDEX($A$62:$A$73, MATCH(J84,J62:J73,0))} -> Colby | L83: {=INDEX($A$62:$A$73, MATCH(L84,L62:L73,0))} -> Colby | N83: {=INDEX($A$62:$A$73, MATCH(N84,N62:N73,0))} -> ESF | P83: {=INDEX($A$62:$A$73, MATCH(P84,P62:P73,0))} -> ESF | R83: {=INDEX($A$62:$A$73, MATCH(R84,S62:S73,0))} -> UNH | T83: {=INDEX($A$62:$A$73, MATCH(T84,T62:T73,0))} -> UMO | V83: {=INDEX($A$62:$A$73, MATCH(V84,V62:V73,0))} -> UNH | X83: {=INDEX($A$62:$A$73, MATCH(X84,X62:X73,0))} -> Colby | Z83: {=INDEX($A$62:$A$73, MATCH(Z84,Z62:Z73,0))} -> FLCC | AB83: {=INDEX($A$62:$A$73, MATCH(AB84,AB62:AB73,0))} -> UNH | AD83: {=INDEX($A$62:$A$73, MATCH(AD84,AD62:AD73,0))} -> Colby | AF83: {=INDEX($A$62:$A$73, MATCH(AF84,AF62:AF73,0))} -> UNH | AH83: {=INDEX($A$62:$A$73, MATCH(AH84,AH62:AH73,0))} -> ESF | AJ83: {=INDEX($A$62:$A$73, MATCH(AJ84,AJ62:AJ73,0))} -> Colby | AL83: =INDEX($A$62:$A$74, MATCH(AL84,AL62:AL74,0)) -> UNH
A84: Result | B84: =SMALL(B62:B73,3) -> 0.0026993056 | D84: =SMALL(D62:D73,3) -> 0.0022613426 | F84: =SMALL(F62:F73,3) -> 0.0031268519 | H84: =SMALL(H62:H73,3) -> 0.0014956019 | J84: =SMALL(J62:J73,3) -> 0.0012730324 | L84: =SMALL(L62:L73,3) -> 0.0073517361 | N84: =LARGE(N62:N73,3) -> 13 | P84: =SMALL(P62:P73,3) -> 0.00035324074 | R84: =LARGE(S62:S71,3) -> 85 | T84: =SMALL(T62:T73,3) -> 0.0013387731 | V84: =LARGE(V62:V73,3) -> 8 | X84: =SMALL(X62:X73,3) -> 0.0011185185 | Z84: =SMALL(Z62:Z73,3) -> 0.0013181713 | AB84: =SMALL(AB62:AB73,3) -> 0.00079571759 | AD84: =SMALL(AD62:AD73,3) -> 0.0012606481 | AF84: =SMALL(AF62:AF73,3) -> 0.0025418981 | AH84: =SMALL(AH62:AH73,3) -> 0.0022431713 | AJ84: =SMALL(AJ62:AJ73,3) -> 0.00013854167 | AL84: =SMALL(AL62:AL74,3) -> 0.00086111111
A119: J&J | B119: Singles Canoeing | D119: Doubles Canoeing | F119: Portage | H119: Team Pulp Throw | J119: Log Rolling | L119: Packboard Relay | N119: Axe Throw | P119: Single Buck | R119: Birling | S119: =Birling!C63 -> 0 | T119: Chain Throw | V119: Disc Stack | X119: Vertical Chop | Z119: Scootloading | AB119: Crosscut Sawing | AD119: Bucksawing | AF119: Horizontal Chop | AH119: Splitting | AJ119: Pole Climb | AL119: Crosscut to Death
A120: Teams | B120: Time | C120: Score | D120: Time | E120: Score | F120: Time | G120: Score | H120: Time | I120: Score | J120: Time | K120: Score | L120: Time | M120: Score | N120: Mark | O120: Score | P120: Time | Q120: Score | R120: Time | S120: =Birling!C64 -> 0 | T120: Time | U120: Score | V120: Raw Pts | W120: Score | X120: Time | Y120: Score | Z120: Time | AA120: Score | AB120: Time | AC120: Score | AD120: Time | AE120: Score | AF120: Time | AG120: Score | AH120: Time | AI120: Score | AJ120: Time | AK120: Score | AL120: Time | AM120: Score | AO120: TEAM | AP120: TOTAL | AQ120: RANK | AR120: Rank | AS120: Team | AT120: Score
A121: Dartmouth A | B121: 0.0046759259 | C121: =IF(B121="DNF","DNF",IF(B121>0,B$137/B121*100,"")) -> 48.35396 | D121: 0.0033886574 | E121: =IF(D121="DNF","DNF",IF(D121>0,D$137/D121*100,"")) -> 60.857982 | F121: 0.0020626157 | G121: =IF(F121="DNF","DNF",IF(F121>0,F$137/F121*100,"")) -> 100 | H121: 0.0017822917 | I121: =IF(H121="DNF","DNF",IF(H121>0,H$137/H121*100,"")) -> 73.829469 | J121: 0.0011157407 | K121: =IF(J121="DNF","DNF",IF(J121>0,J$137/J121*100,"")) -> 72.064315 | L121: 0.0078119792 | M121: =IF(L121="DNF","DNF",IF(L121>0,L$137/L121*100,"")) -> 75.287982 | N121: 19 | O121: =IF(N121="DNF","DNF",IF(N121<>"",N121/N$137*100,"")) -> 76 | P121: 0.00018321759 | Q121: =IF(P121="DNF","DNF",IF(P121>0,P$137/P121*100,"")) -> 87.744788 | R121: =Birling!B65 -> 13.91 | S121: =Birling!C65 -> 6.2352216 | T121: 0.0011650463 | U121: =IF(T121="DNF","DNF",IF(T121>0,T$137/T121*100,"")) -> 100 | V121: 3 | W121: =IF(V121="DNF","DNF",IF(V121<>"",V121/V$137*100,"")) -> 15 | X121: 0.0017982639 | Y121: =IF(X121="DNF","DNF",IF(X121>0,X$137/X121*100,"")) -> 29.207698 | Z121: 0.00076944444 | AA121: =IF(Z121="DNF","DNF",IF(Z121>0,Z$137/Z121*100,"")) -> 100 | AB121: 0.00076608796 | AC121: =IF(AB121="DNF","DNF",IF(AB121>0,AB$137/AB121*100,"")) -> 99.984892 | AD121: 0.0011306713 | AE121: =IF(AD121="DNF","DNF",IF(AD121>0,AD$137/AD121*100,"")) -> 93.776231 | AF121: 0.0013546296 | AG121: =IF(AF121="DNF","DNF",IF(AF121>0,AF$137/AF121*100,"")) -> 75.649351 | AH121: 0.002747338 | AI121: =IF(AH121="DNF","DNF",IF(AH121>0,AH$137/AH121*100,"")) -> 63.158782 | AJ121: 8.5763889e-05 | AK121: =IF(AJ121="DNF","DNF",IF(AJ121>0,AJ$137/AJ121*100,"")) -> 71.794872 | AL121: 0.0007255787 | AM121: =IF(AL121="DNF","DNF",IF(AL121>0,AL$137/AL121*100,"")) -> 62.689424 | AO121: =A121 -> Dartmouth A | AP121: =SUM(C121,E121,G121,I121,K121,AI121,O121,Q121,U121,Y121,S121,W121,AC121,AG121,AK121,AA121,AE121,M121,AM121) -> 1311.635 | AQ121: =RANK(AP121,$AP$121:$AP$133) -> 6 | AR121: 1 | AS121: =INDEX($AO$121:$AO$130,MATCH(AR121,$AQ$121:$AQ$130,0)) -> Paul Smiths | AT121: =INDEX($AP$121:$AP$131,MATCH(AS121,$AO$121:$AO$131,0)) -> 1566.0717
A122: UConn | B122: 0.0030638889 | C122: =IF(B122="DNF","DNF",IF(B122>0,B$137/B122*100,"")) -> 73.794953 | D122: 0.0025569444 | E122: =IF(D122="DNF","DNF",IF(D122>0,D$137/D122*100,"")) -> 80.65363 | F122: 0.0025293981 | G122: =IF(F122="DNF","DNF",IF(F122>0,F$137/F122*100,"")) -> 81.545712 | H122: 0.0020972222 | I122: =IF(H122="DNF","DNF",IF(H122>0,H$137/H122*100,"")) -> 62.742826 | J122: 0.0013009838 | K122: =IF(J122="DNF","DNF",IF(J122>0,J$137/J122*100,"")) -> 61.803301 | L122: 0.0088218171 | M122: =IF(L122="DNF","DNF",IF(L122>0,L$137/L122*100,"")) -> 66.669728 | N122: 17 | O122: =IF(N122="DNF","DNF",IF(N122<>"",N122/N$137*100,"")) -> 68 | P122: 0.00040590278 | Q122: =IF(P122="DNF","DNF",IF(P122>0,P$137/P122*100,"")) -> 39.606501 | R122: =Birling!B66 -> 13 | S122: =Birling!C66 -> 5.8273099 | T122: 0.0043445602 | U122: =IF(T122="DNF","DNF",IF(T122>0,T$137/T122*100,"")) -> 26.816208 | V122: 4 | W122: =IF(V122="DNF","DNF",IF(V122<>"",V122/V$137*100,"")) -> 20 | X122: 0.0012369213 | Y122: =IF(X122="DNF","DNF",IF(X122>0,X$137/X122*100,"")) -> 42.462805 | Z122: 0.0012627315 | AA122: =IF(Z122="DNF","DNF",IF(Z122>0,Z$137/Z122*100,"")) -> 60.934922 | AB122: 0.0010581019 | AC122: =IF(AB122="DNF","DNF",IF(AB122>0,AB$137/AB122*100,"")) -> 72.391162 | AD122: 0.0017738426 | AE122: =IF(AD122="DNF","DNF",IF(AD122>0,AD$137/AD122*100,"")) -> 59.77424 | AF122: 0.0038804398 | AG122: =IF(AF122="DNF","DNF",IF(AF122>0,AF$137/AF122*100,"")) -> 26.408566 | AH122: 0.0024828704 | AI122: =IF(AH122="DNF","DNF",IF(AH122>0,AH$137/AH122*100,"")) -> 69.886258 | AJ122: 0.00082291667 | AK122: =IF(AJ122="DNF","DNF",IF(AJ122>0,AJ$137/AJ122*100,"")) -> 7.4824191 | AL122: 0.0015706019 | AM122: =IF(AL122="DNF","DNF",IF(AL122>0,AL$137/AL122*100,"")) -> 28.960943 | AO122: =A122 -> UConn | AP122: =SUM(C122,E122,G122,I122,K122,AI122,O122,Q122,U122,Y122,S122,W122,AC122,AG122,AK122,AA122,AE122,M122,AM122) -> 955.76148 | AQ122: =RANK(AP122,$AP$121:$AP$133) -> 8 | AR122: 2 | AS122: =INDEX($AO$121:$AO$130,MATCH(AR122,$AQ$121:$AQ$130,0)) -> Cobleskill | AT122: =INDEX($AP$121:$AP$131,MATCH(AS122,$AO$121:$AO$131,0)) -> 1551.23
A123: Ranger | B123: 0.0028603009 | C123: =IF(B123="DNF","DNF",IF(B123>0,B$137/B123*100,"")) -> 79.047465 | D123: 0.0025253472 | E123: =IF(D123="DNF","DNF",IF(D123>0,D$137/D123*100,"")) -> 81.662771 | F123: 0.0026375 | G123: =IF(F123="DNF","DNF",IF(F123>0,F$137/F123*100,"")) -> 78.20344 | H123: 0.00179375 | I123: =IF(H123="DNF","DNF",IF(H123>0,H$137/H123*100,"")) -> 73.357853 | J123: 0.001704919 | K123: =IF(J123="DNF","DNF",IF(J123>0,J$137/J123*100,"")) -> 47.160653 | L123: 0.0076010995 | M123: =IF(L123="DNF","DNF",IF(L123>0,L$137/L123*100,"")) -> 77.37672 | N123: 5 | O123: =IF(N123="DNF","DNF",IF(N123<>"",N123/N$137*100,"")) -> 20 | P123: 0.00024594907 | Q123: =IF(P123="DNF","DNF",IF(P123>0,P$137/P123*100,"")) -> 65.364706 | R123: =Birling!B67 -> 6.5 | S123: =Birling!C67 -> 2.913655 | T123: 0.0023533565 | U123: =IF(T123="DNF","DNF",IF(T123>0,T$137/T123*100,"")) -> 49.50573 | V123: 11 | W123: =IF(V123="DNF","DNF",IF(V123<>"",V123/V$137*100,"")) -> 55 | X123: 0.0066171296 | Y123: =IF(X123="DNF","DNF",IF(X123>0,X$137/X123*100,"")) -> 7.9374519 | Z123: 0.0012326389 | AA123: =IF(Z123="DNF","DNF",IF(Z123>0,Z$137/Z123*100,"")) -> 62.422535 | AB123: 0.0012236111 | AC123: =IF(AB123="DNF","DNF",IF(AB123>0,AB$137/AB123*100,"")) -> 62.599319 | AD123: 0.0016185185 | AE123: =IF(AD123="DNF","DNF",IF(AD123>0,AD$137/AD123*100,"")) -> 65.510584 | AF123: 0.0048633102 | AG123: =IF(AF123="DNF","DNF",IF(AF123>0,AF$137/AF123*100,"")) -> 21.07142 | AH123: 0.0019256944 | AI123: =IF(AH123="DNF","DNF",IF(AH123>0,AH$137/AH123*100,"")) -> 90.106984 | AJ123: 8.9351852e-05 | AK123: =IF(AJ123="DNF","DNF",IF(AJ123>0,AJ$137/AJ123*100,"")) -> 68.911917 | AL123: 0.0010865741 | AM123: =IF(AL123="DNF","DNF",IF(AL123>0,AL$137/AL123*100,"")) -> 41.861951 | AO123: =A123 -> Ranger | AP123: =SUM(C123,E123,G123,I123,K123,AI123,O123,Q123,U123,Y123,S123,W123,AC123,AG123,AK123,AA123,AE123,M123,AM123) -> 1050.0152 | AQ123: =RANK(AP123,$AP$121:$AP$133) -> 7 | AR123: 3 | AS123: =INDEX($AO$121:$AO$130,MATCH(AR123,$AQ$121:$AQ$130,0)) -> Alfred | AT123: =INDEX($AP$121:$AP$131,MATCH(AS123,$AO$121:$AO$131,0)) -> 1455.5946
A124: Alfred | B124: 0.0029908565 | C124: =IF(B124="DNF","DNF",IF(B124>0,B$137/B124*100,"")) -> 75.59692 | D124: 0.0020622685 | E124: =IF(D124="DNF","DNF",IF(D124>0,D$137/D124*100,"")) -> 100 | F124: 0.0035622685 | G124: =IF(F124="DNF","DNF",IF(F124>0,F$137/F124*100,"")) -> 57.901748 | H124: 0.0013918981 | I124: =IF(H124="DNF","DNF",IF(H124>0,H$137/H124*100,"")) -> 94.536837 | J124: 0.0008203125 | K124: =IF(J124="DNF","DNF",IF(J124>0,J$137/J124*100,"")) -> 98.017637 | L124: 0.0067643519 | M124: =IF(L124="DNF","DNF",IF(L124>0,L$137/L124*100,"")) -> 86.94819 | N124: 13 | O124: =IF(N124="DNF","DNF",IF(N124<>"",N124/N$137*100,"")) -> 52 | P124: 0.00025914352 | Q124: =IF(P124="DNF","DNF",IF(P124>0,P$137/P124*100,"")) -> 62.036623 | R124: =Birling!B68 -> 178.47 | S124: =Birling!C68 -> 80 | T124: 0.0022053241 | U124: =IF(T124="DNF","DNF",IF(T124>0,T$137/T124*100,"")) -> 52.828802 | V124: 19 | W124: =IF(V124="DNF","DNF",IF(V124<>"",V124/V$137*100,"")) -> 95 | X124: 0.0013887731 | Y124: =IF(X124="DNF","DNF",IF(X124>0,X$137/X124*100,"")) -> 37.819818 | Z124: 0.00094340278 | AA124: =IF(Z124="DNF","DNF",IF(Z124>0,Z$137/Z124*100,"")) -> 81.560545 | AB124: 0.00076597222 | AC124: =IF(AB124="DNF","DNF",IF(AB124>0,AB$137/AB124*100,"")) -> 100 | AD124: 0.0011454861 | AE124: =IF(AD124="DNF","DNF",IF(AD124>0,AD$137/AD124*100,"")) -> 92.563403 | AF124: 0.0010689815 | AG124: =IF(AF124="DNF","DNF",IF(AF124>0,AF$137/AF124*100,"")) -> 95.86401 | AH124: 0.0025053241 | AI124: =IF(AH124="DNF","DNF",IF(AH124>0,AH$137/AH124*100,"")) -> 69.259909 | AJ124: 0.00013645833 | AK124: =IF(AJ124="DNF","DNF",IF(AJ124>0,AJ$137/AJ124*100,"")) -> 45.122986 | AL124: 0.00057916667 | AM124: =IF(AL124="DNF","DNF",IF(AL124>0,AL$137/AL124*100,"")) -> 78.53717 | AO124: =A124 -> Alfred | AP124: =SUM(C124,E124,G124,I124,K124,AI124,O124,Q124,U124,Y124,S124,W124,AC124,AG124,AK124,AA124,AE124,M124,AM124) -> 1455.5946 | AQ124: =RANK(AP124,$AP$121:$AP$133) -> 3 | AR124: 4 | AS124: =INDEX($AO$121:$AO$130,MATCH(AR124,$AQ$121:$AQ$130,0)) -> UVM | AT124: =INDEX($AP$121:$AP$131,MATCH(AS124,$AO$121:$AO$131,0)) -> 1435.1813
A125: Cobleskill | B125: 0.0022990741 | C125: =IF(B125="DNF","DNF",IF(B125>0,B$137/B125*100,"")) -> 98.343737 | D125: 0.0021017361 | E125: =IF(D125="DNF","DNF",IF(D125>0,D$137/D125*100,"")) -> 98.122143 | F125: 0.0025201389 | G125: =IF(F125="DNF","DNF",IF(F125>0,F$137/F125*100,"")) -> 81.84532 | H125: 0.0013168981 | I125: =IF(H125="DNF","DNF",IF(H125>0,H$137/H125*100,"")) -> 99.9209 | J125: 0.00082210648 | K125: =IF(J125="DNF","DNF",IF(J125>0,J$137/J125*100,"")) -> 97.803745 | L125: 0.0058814815 | M125: =IF(L125="DNF","DNF",IF(L125>0,L$137/L125*100,"")) -> 100 | N125: 4 | O125: =IF(N125="DNF","DNF",IF(N125<>"",N125/N$137*100,"")) -> 16 | P125: 0.00018090278 | Q125: =IF(P125="DNF","DNF",IF(P125>0,P$137/P125*100,"")) -> 88.867562 | R125: =Birling!B69 -> 15.69 | S125: =Birling!C69 -> 85 | T125: 0.00205 | U125: =IF(T125="DNF","DNF",IF(T125>0,T$137/T125*100,"")) -> 56.831527 | V125: 14 | W125: =IF(V125="DNF","DNF",IF(V125<>"",V125/V$137*100,"")) -> 70 | X125: 0.00083240741 | Y125: =IF(X125="DNF","DNF",IF(X125>0,X$137/X125*100,"")) -> 63.097887 | Z125: 0.00086203704 | AA125: =IF(Z125="DNF","DNF",IF(Z125>0,Z$137/Z125*100,"")) -> 89.258861 | AB125: 0.00084270833 | AC125: =IF(AB125="DNF","DNF",IF(AB125>0,AB$137/AB125*100,"")) -> 90.894108 | AD125: 0.0011321759 | AE125: =IF(AD125="DNF","DNF",IF(AD125>0,AD$137/AD125*100,"")) -> 93.651605 | AF125: 0.0013269676 | AG125: =IF(AF125="DNF","DNF",IF(AF125>0,AF$137/AF125*100,"")) -> 77.226341 | AH125: 0.0022560185 | AI125: =IF(AH125="DNF","DNF",IF(AH125>0,AH$137/AH125*100,"")) -> 76.913606 | AJ125: 8.6111111e-05 | AK125: =IF(AJ125="DNF","DNF",IF(AJ125>0,AJ$137/AJ125*100,"")) -> 71.505376 | AL125: 0.00047407407 | AM125: =IF(AL125="DNF","DNF",IF(AL125>0,AL$137/AL125*100,"")) -> 95.947266 | AO125: =A125 -> Cobleskill | AP125: =SUM(C125,E125,G125,I125,K125,AI125,O125,Q125,U125,Y125,S125,W125,AC125,AG125,AK125,AA125,AE125,M125,AM125) -> 1551.23 | AQ125: =RANK(AP125,$AP$121:$AP$133) -> 2 | AR125: 5 | AS125: =INDEX($AO$121:$AO$130,MATCH(AR125,$AQ$121:$AQ$130,0)) -> Morrisville | AT125: =INDEX($AP$121:$AP$131,MATCH(AS125,$AO$121:$AO$131,0)) -> 1356.7322
A126: Paul Smiths | B126: 0.0022609954 | C126: =IF(B126="DNF","DNF",IF(B126>0,B$137/B126*100,"")) -> 100 | D126: 0.002227662 | E126: =IF(D126="DNF","DNF",IF(D126>0,D$137/D126*100,"")) -> 92.575466 | F126: 0.0041791667 | G126: =IF(F126="DNF","DNF",IF(F126>0,F$137/F126*100,"")) -> 49.354714 | H126: 0.0013158565 | I126: =IF(H126="DNF","DNF",IF(H126>0,H$137/H126*100,"")) -> 100 | J126: 0.00080405093 | K126: =IF(J126="DNF","DNF",IF(J126>0,J$137/J126*100,"")) -> 100 | L126: 0.0083884838 | M126: =IF(L126="DNF","DNF",IF(L126>0,L$137/L126*100,"")) -> 70.113761 | N126: 10 | O126: =IF(N126="DNF","DNF",IF(N126<>"",N126/N$137*100,"")) -> 40 | P126: 0.00021087963 | Q126: =IF(P126="DNF","DNF",IF(P126>0,P$137/P126*100,"")) -> 76.234907 | R126: =Birling!B70 -> 300 | S126: =Birling!C70 -> 90 | T126: 0.0018032407 | U126: =IF(T126="DNF","DNF",IF(T126>0,T$137/T126*100,"")) -> 64.608472 | V126: 19 | W126: =IF(V126="DNF","DNF",IF(V126<>"",V126/V$137*100,"")) -> 95 | X126: 0.0013570602 | Y126: =IF(X126="DNF","DNF",IF(X126>0,X$137/X126*100,"")) -> 38.703625 | Z126: 0.00096585648 | AA126: =IF(Z126="DNF","DNF",IF(Z126>0,Z$137/Z126*100,"")) -> 79.66447 | AB126: 0.00087962963 | AC126: =IF(AB126="DNF","DNF",IF(AB126>0,AB$137/AB126*100,"")) -> 87.078947 | AD126: 0.0010603009 | AE126: =IF(AD126="DNF","DNF",IF(AD126>0,AD$137/AD126*100,"")) -> 100 | AF126: 0.0010247685 | AG126: =IF(AF126="DNF","DNF",IF(AF126>0,AF$137/AF126*100,"")) -> 100 | AH126: 0.0020972222 | AI126: =IF(AH126="DNF","DNF",IF(AH126>0,AH$137/AH126*100,"")) -> 82.737307 | AJ126: 6.1574074e-05 | AK126: =IF(AJ126="DNF","DNF",IF(AJ126>0,AJ$137/AJ126*100,"")) -> 100 | AL126: 0.00045486111 | AM126: =IF(AL126="DNF","DNF",IF(AL126>0,AL$137/AL126*100,"")) -> 100 | AO126: =A126 -> Paul Smiths | AP126: =SUM(C126,E126,G126,I126,K126,AI126,O126,Q126,U126,Y126,S126,W126,AC126,AG126,AK126,AA126,AE126,M126,AM126) -> 1566.0717 | AQ126: =RANK(AP126,$AP$121:$AP$133) -> 1 | AR126: 6 | AS126: =INDEX($AO$121:$AO$130,MATCH(AR126,$AQ$121:$AQ$130,0)) -> Dartmouth A | AT126: =INDEX($AP$121:$AP$131,MATCH(AS126,$AO$121:$AO$131,0)) -> 1311.635
A127: UVM | B127: 0.0023457176 | C127: =IF(B127="DNF","DNF",IF(B127>0,B$137/B127*100,"")) -> 96.388217 | D127: 0.0027653935 | E127: =IF(D127="DNF","DNF",IF(D127>0,D$137/D127*100,"")) -> 74.574143 | F127: 0.0027768519 | G127: =IF(F127="DNF","DNF",IF(F127>0,F$137/F127*100,"")) -> 74.278926 | H127: 0.0014601852 | I127: =IF(H127="DNF","DNF",IF(H127>0,H$137/H127*100,"")) -> 90.115726 | J127: 0.0010266782 | K127: =IF(J127="DNF","DNF",IF(J127>0,J$137/J127*100,"")) -> 78.315766 | L127: 0.0067769676 | M127: =IF(L127="DNF","DNF",IF(L127>0,L$137/L127*100,"")) -> 86.78633 | N127: 21 | O127: =IF(N127="DNF","DNF",IF(N127<>"",N127/N$137*100,"")) -> 84 | P127: 0.00016076389 | Q127: =IF(P127="DNF","DNF",IF(P127>0,P$137/P127*100,"")) -> 100 | R127: =Birling!B71 -> 252.43 | S127: =Birling!C71 -> 100 | T127: 0.0015090278 | U127: =IF(T127="DNF","DNF",IF(T127>0,T$137/T127*100,"")) -> 77.205093 | V127: 20 | W127: =IF(V127="DNF","DNF",IF(V127<>"",V127/V$137*100,"")) -> 100 | X127: 0.0031549769 | Y127: =IF(X127="DNF","DNF",IF(X127>0,X$137/X127*100,"")) -> 16.647713 | Z127: 0.00091215278 | AA127: =IF(Z127="DNF","DNF",IF(Z127>0,Z$137/Z127*100,"")) -> 84.354777 | AB127: 0.00099537037 | AC127: =IF(AB127="DNF","DNF",IF(AB127>0,AB$137/AB127*100,"")) -> 76.953488 | AD127: 0.0014652778 | AE127: =IF(AD127="DNF","DNF",IF(AD127>0,AD$137/AD127*100,"")) -> 72.361769 | AF127: 0.001480787 | AG127: =IF(AF127="DNF","DNF",IF(AF127>0,AF$137/AF127*100,"")) -> 69.204315 | AH127: 0.0018193287 | AI127: =IF(AH127="DNF","DNF",IF(AH127>0,AH$137/AH127*100,"")) -> 95.375024 | AJ127: 0.00031180556 | AK127: =IF(AJ127="DNF","DNF",IF(AJ127>0,AJ$137/AJ127*100,"")) -> 19.747587 | AL127: 0.0011701389 | AM127: =IF(AL127="DNF","DNF",IF(AL127>0,AL$137/AL127*100,"")) -> 38.872404 | AO127: =A127 -> UVM | AP127: =SUM(C127,E127,G127,I127,K127,AI127,O127,Q127,U127,Y127,S127,W127,AC127,AG127,AK127,AA127,AE127,M127,AM127) -> 1435.1813 | AQ127: =RANK(AP127,$AP$121:$AP$133) -> 4 | AR127: 7 | AS127: =INDEX($AO$121:$AO$130,MATCH(AR127,$AQ$121:$AQ$130,0)) -> Ranger | AT127: =INDEX($AP$121:$AP$131,MATCH(AS127,$AO$121:$AO$131,0)) -> 1050.0152
A128: Morrisville | B128: 0.0024525463 | C128: =IF(B128="DNF","DNF",IF(B128>0,B$137/B128*100,"")) -> 92.189712 | D128: 0.0033048611 | E128: =IF(D128="DNF","DNF",IF(D128>0,D$137/D128*100,"")) -> 62.401065 | F128: 0.002449537 | G128: =IF(F128="DNF","DNF",IF(F128>0,F$137/F128*100,"")) -> 84.204309 | H128: 0.0016157407 | I128: =IF(H128="DNF","DNF",IF(H128>0,H$137/H128*100,"")) -> 81.439828 | J128: 0.0011685764 | K128: =IF(J128="DNF","DNF",IF(J128>0,J$137/J128*100,"")) -> 68.806022 | L128: 0.0067083912 | M128: =IF(L128="DNF","DNF",IF(L128>0,L$137/L128*100,"")) -> 87.673502 | N128: 25 | O128: =IF(N128="DNF","DNF",IF(N128<>"",N128/N$137*100,"")) -> 100 | P128: 0.00044016204 | Q128: =IF(P128="DNF","DNF",IF(P128>0,P$137/P128*100,"")) -> 36.523797 | R128: =Birling!B72 -> 9.9 | S128: =Birling!C72 -> 4.4377206 | T128: 0.0029458333 | U128: =IF(T128="DNF","DNF",IF(T128>0,T$137/T128*100,"")) -> 39.548955 | V128: 7 | W128: =IF(V128="DNF","DNF",IF(V128<>"",V128/V$137*100,"")) -> 35 | X128: 0.00052523148 | Y128: =IF(X128="DNF","DNF",IF(X128>0,X$137/X128*100,"")) -> 100 | Z128: 0.00082893519 | AA128: =IF(Z128="DNF","DNF",IF(Z128>0,Z$137/Z128*100,"")) -> 92.823234 | AB128: 0.00087465278 | AC128: =IF(AB128="DNF","DNF",IF(AB128>0,AB$137/AB128*100,"")) -> 87.574434 | AD128: 0.0012239583 | AE128: =IF(AD128="DNF","DNF",IF(AD128>0,AD$137/AD128*100,"")) -> 86.628842 | AF128: 0.0013172454 | AG128: =IF(AF128="DNF","DNF",IF(AF128>0,AF$137/AF128*100,"")) -> 77.796327 | AH128: 0.0017351852 | AI128: =IF(AH128="DNF","DNF",IF(AH128>0,AH$137/AH128*100,"")) -> 100 | AJ128: 8.8425926e-05 | AK128: =IF(AJ128="DNF","DNF",IF(AJ128>0,AJ$137/AJ128*100,"")) -> 69.633508 | AL128: 0.0009087963 | AM128: =IF(AL128="DNF","DNF",IF(AL128>0,AL$137/AL128*100,"")) -> 50.050942 | AO128: =A128 -> Morrisville | AP128: =SUM(C128,E128,G128,I128,K128,AI128,O128,Q128,U128,Y128,S128,W128,AC128,AG128,AK128,AA128,AE128,M128,AM128) -> 1356.7322 | AQ128: =RANK(AP128,$AP$121:$AP$133) -> 5 | AR128: 8 | AS128: =INDEX($AO$121:$AO$130,MATCH(AR128,$AQ$121:$AQ$130,0)) -> UConn | AT128: =INDEX($AP$121:$AP$131,MATCH(AS128,$AO$121:$AO$131,0)) -> 955.76148
A129: Dartmouth B | B129: 0.0029730324 | C129: =IF(B129="DNF","DNF",IF(B129>0,B$137/B129*100,"")) -> 76.050142 | D129: 0.003647338 | E129: =IF(D129="DNF","DNF",IF(D129>0,D$137/D129*100,"")) -> 56.541745 | F129: 0.0022765046 | G129: =IF(F129="DNF","DNF",IF(F129>0,F$137/F129*100,"")) -> 90.604505 | H129: 0.0022186343 | I129: =IF(H129="DNF","DNF",IF(H129>0,H$137/H129*100,"")) -> 59.309301 | J129: 0.0019520833 | K129: =IF(J129="DNF","DNF",IF(J129>0,J$137/J129*100,"")) -> 41.189375 | L129: 0.0067606481 | M129: =IF(L129="DNF","DNF",IF(L129>0,L$137/L129*100,"")) -> 86.995823 | N129: 7 | O129: =IF(N129="DNF","DNF",IF(N129<>"",N129/N$137*100,"")) -> 28 | P129: 0.00044074074 | Q129: =IF(P129="DNF","DNF",IF(P129>0,P$137/P129*100,"")) -> 36.47584 | R129: =Birling!B73 -> 13.15 | S129: =Birling!C73 -> 5.8945481 | T129: 0.0030819444 | U129: =IF(T129="DNF","DNF",IF(T129>0,T$137/T129*100,"")) -> 37.802313 | V129: 5 | W129: =IF(V129="DNF","DNF",IF(V129<>"",V129/V$137*100,"")) -> 25 | X129: 0.0043049769 | Y129: =IF(X129="DNF","DNF",IF(X129>0,X$137/X129*100,"")) -> 12.200565 | Z129: 0.0008755787 | AA129: =IF(Z129="DNF","DNF",IF(Z129>0,Z$137/Z129*100,"")) -> 87.878387 | AB129: 0.0017498843 | AC129: =IF(AB129="DNF","DNF",IF(AB129>0,AB$137/AB129*100,"")) -> 43.772736 | AD129: 0.0023777778 | AE129: =IF(AD129="DNF","DNF",IF(AD129>0,AD$137/AD129*100,"")) -> 44.592095 | AF129: 0.0057496528 | AG129: =IF(AF129="DNF","DNF",IF(AF129>0,AF$137/AF129*100,"")) -> 17.823137 | AH129: 0.0025884259 | AI129: =IF(AH129="DNF","DNF",IF(AH129>0,AH$137/AH129*100,"")) -> 67.036308 | AJ129: 0.00017650463 | AK129: =IF(AJ129="DNF","DNF",IF(AJ129>0,AJ$137/AJ129*100,"")) -> 34.885246 | AL129: 0.0029905093 | AM129: =IF(AL129="DNF","DNF",IF(AL129>0,AL$137/AL129*100,"")) -> 15.210156 | AO129: =A129 -> Dartmouth B | AP129: =SUM(C129,E129,G129,I129,K129,AI129,O129,Q129,U129,Y129,S129,W129,AC129,AG129,AK129,AA129,AE129,M129,AM129) -> 867.26222 | AQ129: =RANK(AP129,$AP$121:$AP$133) -> 9 | AR129: 9 | AS129: =INDEX($AO$121:$AO$130,MATCH(AR129,$AQ$121:$AQ$130,0)) -> Dartmouth B | AT129: =INDEX($AP$121:$AP$131,MATCH(AS129,$AO$121:$AO$131,0)) -> 867.26222
C130: =IF(B130="DNF","DNF",IF(B130>0,B$137/B130*100,"")) | E130: =IF(D130="DNF","DNF",IF(D130>0,D$137/D130*100,"")) | G130: =IF(F130="DNF","DNF",IF(F130>0,F$137/F130*100,"")) | I130: =IF(H130="DNF","DNF",IF(H130>0,H$137/H130*100,"")) | K130: =IF(J130="DNF","DNF",IF(J130>0,J$137/J130*100,"")) | M130: =IF(L130="DNF","DNF",IF(L130>0,L$137/L130*100,"")) | O130: =IF(N130="DNF","DNF",IF(N130<>"",N130/N$137*100,"")) | Q130: =IF(P130="DNF","DNF",IF(P130>0,P$137/P130*100,"")) | U130: =IF(T130="DNF","DNF",IF(T130>0,T$137/T130*100,"")) | W130: =IF(V130="DNF","DNF",IF(V130<>"",V130/V$137*100,"")) | Y130: =IF(X130="DNF","DNF",IF(X130>0,X$137/X130*100,"")) | AA130: =IF(Z130="DNF","DNF",IF(Z130>0,Z$137/Z130*100,"")) | AC130: =IF(AB130="DNF","DNF",IF(AB130>0,AB$137/AB130*100,"")) | AE130: =IF(AD130="DNF","DNF",IF(AD130>0,AD$137/AD130*100,"")) | AG130: =IF(AF130="DNF","DNF",IF(AF130>0,AF$137/AF130*100,"")) | AI130: =IF(AH130="DNF","DNF",IF(AH130>0,AH$137/AH130*100,"")) | AK130: =IF(AJ130="DNF","DNF",IF(AJ130>0,AJ$137/AJ130*100,"")) | AM130: =IF(AL130="DNF","DNF",IF(AL130>0,AL$137/AL130*100,""))
C131: =IF(B131="DNF","DNF",IF(B131>0,B$137/B131*100,"")) | E131: =IF(D131="DNF","DNF",IF(D131>0,D$137/D131*100,"")) | G131: =IF(F131="DNF","DNF",IF(F131>0,F$137/F131*100,"")) | I131: =IF(H131="DNF","DNF",IF(H131>0,H$137/H131*100,"")) | K131: =IF(J131="DNF","DNF",IF(J131>0,J$137/J131*100,"")) | M131: =IF(L131="DNF","DNF",IF(L131>0,L$137/L131*100,"")) | O131: =IF(N131="DNF","DNF",IF(N131<>"",N131/N$137*100,"")) | Q131: =IF(P131="DNF","DNF",IF(P131>0,P$137/P131*100,"")) | U131: =IF(T131="DNF","DNF",IF(T131>0,T$137/T131*100,"")) | W131: =IF(V131="DNF","DNF",IF(V131<>"",V131/V$137*100,"")) | Y131: =IF(X131="DNF","DNF",IF(X131>0,X$137/X131*100,"")) | AA131: =IF(Z131="DNF","DNF",IF(Z131>0,Z$137/Z131*100,"")) | AC131: =IF(AB131="DNF","DNF",IF(AB131>0,AB$137/AB131*100,"")) | AE131: =IF(AD131="DNF","DNF",IF(AD131>0,AD$137/AD131*100,"")) | AG131: =IF(AF131="DNF","DNF",IF(AF131>0,AF$137/AF131*100,"")) | AI131: =IF(AH131="DNF","DNF",IF(AH131>0,AH$137/AH131*100,"")) | AK131: =IF(AJ131="DNF","DNF",IF(AJ131>0,AJ$137/AJ131*100,"")) | AM131: =IF(AL131="DNF","DNF",IF(AL131>0,AL$137/AL131*100,""))
AM132: =IF(AL132="DNF","DNF",IF(AL132>0,AL$137/AL132*100,""))
C133: =IF(B133="DNF","DNF",IF(B133>0,B$137/B133*100,"")) | AM133: =IF(AL133="DNF","DNF",IF(AL133>0,AL$137/AL133*100,""))
C134: =IF(B134="DNF","DNF",IF(B134>0,B$137/B134*100,"")) | AM134: =IF(AL134="DNF","DNF",IF(AL134>0,AL$137/AL134*100,""))
C135: =IF(B135="DNF","DNF",IF(B135>0,B$137/B135*100,"")) | AM135: =IF(AL135="DNF","DNF",IF(AL135>0,AL$137/AL135*100,""))
AM136: =IF(AL136="DNF","DNF",IF(AL136>0,AL$137/AL136*100,""))
A137: Top U-grad Score | B137: =MIN(B121:B132) -> 0.0022609954 | D137: =MIN(D121:D132) -> 0.0020622685 | F137: =MIN(F121:F132) -> 0.0020626157 | H137: =MIN(H121:H132) -> 0.0013158565 | J137: =MIN(J121:J132) -> 0.00080405093 | L137: =MIN(L121:L132) -> 0.0058814815 | N137: =MAX(N121:N132) -> 25 | P137: =MIN(P121:P132) -> 0.00016076389 | R137: =MAX(S121:S130) -> 100 | T137: =MIN(T121:T132) -> 0.0011650463 | V137: =MAX(V121:V132) -> 20 | X137: =MIN(X121:X132) -> 0.00052523148 | Z137: =MIN(Z121:Z132) -> 0.00076944444 | AB137: =MIN(AB121:AB132) -> 0.00076597222 | AD137: =MIN(AD121:AD132) -> 0.0010603009 | AF137: =MIN(AF121:AF132) -> 0.0010247685 | AH137: =MIN(AH121:AH132) -> 0.0017351852 | AJ137: =MIN(AJ121:AJ132) -> 6.1574074e-05 | AL137: =MIN(AL121:AL132) -> 0.00045486111
A138: 1st Place | B138: {=INDEX($A$121:$A$132, MATCH(B139,B121:B132,0))} -> Paul Smiths | D138: {=INDEX($A$121:$A$132, MATCH(D139,D121:D132,0))} -> Alfred | F138: {=INDEX($A$121:$A$132, MATCH(F139,F121:F132,0))} -> Dartmouth A | H138: {=INDEX($A$121:$A$132, MATCH(H139,H121:H132,0))} -> Paul Smiths | J138: {=INDEX($A$121:$A$132, MATCH(J139,J121:J132,0))} -> Paul Smiths | L138: {=INDEX($A$121:$A$132, MATCH(L139,L121:L132,0))} -> Cobleskill | N138: =INDEX($A$121:$A$132, MATCH(N139,N121:N132,0)) -> Morrisville | P138: {=INDEX($A$121:$A$132, MATCH(P139,P121:P132,0))} -> UVM | R138: {=INDEX($A$121:$A$132, MATCH(R139,S121:S132,0))} -> UVM | T138: {=INDEX($A$121:$A$132, MATCH(T139,T121:T132,0))} -> Dartmouth A | V138: {=INDEX($A$121:$A$132, MATCH(V139,V121:V132,0))} -> UVM | X138: {=INDEX($A$121:$A$132, MATCH(X139,X121:X132,0))} -> Morrisville | Z138: {=INDEX($A$121:$A$132, MATCH(Z139,Z121:Z132,0))} -> Dartmouth A | AB138: {=INDEX($A$121:$A$132, MATCH(AB139,AB121:AB132,0))} -> Alfred | AC138: (TIE) | AD138: {=INDEX($A$121:$A$132, MATCH(AD139,AD121:AD132,0))} -> Paul Smiths | AF138: {=INDEX($A$121:$A$132, MATCH(AF139,AF121:AF132,0))} -> Paul Smiths | AH138: {=INDEX($A$121:$A$132, MATCH(AH139,AH121:AH132,0))} -> Morrisville | AJ138: {=INDEX($A$121:$A$132, MATCH(AJ139,AJ121:AJ132,0))} -> Paul Smiths | AL138: =INDEX($A$121:$A$133, MATCH(AL139,AL121:AL133,0)) -> Paul Smiths
A139: Result | B139: =SMALL(B121:B132,1) -> 0.0022609954 | D139: =SMALL(D121:D132,1) -> 0.0020622685 | F139: =SMALL(F121:F132,1) -> 0.0020626157 | H139: =SMALL(H121:H132,1) -> 0.0013158565 | J139: =SMALL(J121:J132,1) -> 0.00080405093 | L139: =SMALL(L121:L132,1) -> 0.0058814815 | N139: =LARGE(N121:N132,1) -> 25 | P139: =SMALL(P121:P132,1) -> 0.00016076389 | R139: =LARGE(S121:S127,1) -> 100 | T139: =SMALL(T121:T132,1) -> 0.0011650463 | V139: =LARGE(V121:V132,1) -> 20 | X139: =SMALL(X121:X132,1) -> 0.00052523148 | Z139: =SMALL(Z121:Z132,1) -> 0.00076944444 | AB139: =SMALL(AB121:AB132,1) -> 0.00076597222 | AD139: =SMALL(AD121:AD132,1) -> 0.0010603009 | AF139: =SMALL(AF121:AF132,1) -> 0.0010247685 | AH139: =SMALL(AH121:AH132,1) -> 0.0017351852 | AJ139: =SMALL(AJ121:AJ132,1) -> 6.1574074e-05 | AL139: =SMALL(AL121:AL133,1) -> 0.00045486111
A140: 2nd Place | B140: {=INDEX($A$121:$A$132, MATCH(B141,B121:B132,0))} -> Cobleskill | D140: {=INDEX($A$121:$A$132, MATCH(D141,D121:D132,0))} -> Cobleskill | F140: {=INDEX($A$121:$A$132, MATCH(F141,F121:F132,0))} -> Dartmouth B | H140: {=INDEX($A$121:$A$132, MATCH(H141,H121:H132,0))} -> Cobleskill | J140: {=INDEX($A$121:$A$132, MATCH(J141,J121:J132,0))} -> Alfred | L140: {=INDEX($A$121:$A$132, MATCH(L141,L121:L132,0))} -> Morrisville | N140: =INDEX($A$121:$A$132, MATCH(N141,N121:N132,0)) -> UVM | P140: {=INDEX($A$121:$A$132, MATCH(P141,P121:P132,0))} -> Cobleskill | R140: {=INDEX($A$121:$A$132, MATCH(R141,S121:S132,0))} -> Paul Smiths | T140: {=INDEX($A$121:$A$132, MATCH(T141,T121:T132,0))} -> UVM | V140: {=INDEX($A$121:$A$132, MATCH(V141,V121:V132,0))} -> Alfred | W140: (TIE) | X140: {=INDEX($A$121:$A$132, MATCH(X141,X121:X132,0))} -> Cobleskill | Z140: {=INDEX($A$121:$A$132, MATCH(Z141,Z121:Z132,0))} -> Morrisville | AB140: {=INDEX($A$121:$A$132, MATCH(AB141,AB121:AB132,0))} -> Dartmouth A | AC140: (TIE) | AD140: {=INDEX($A$121:$A$132, MATCH(AD141,AD121:AD132,0))} -> Dartmouth A | AF140: {=INDEX($A$121:$A$132, MATCH(AF141,AF121:AF132,0))} -> Alfred | AH140: {=INDEX($A$121:$A$132, MATCH(AH141,AH121:AH132,0))} -> UVM | AJ140: {=INDEX($A$121:$A$132, MATCH(AJ141,AJ121:AJ132,0))} -> Dartmouth A | AL140: =INDEX($A$121:$A$133, MATCH(AL141,AL121:AL133,0)) -> Cobleskill
A141: Result | B141: =SMALL(B121:B132,2) -> 0.0022990741 | D141: =SMALL(D121:D132,2) -> 0.0021017361 | F141: =SMALL(F121:F132,2) -> 0.0022765046 | H141: =SMALL(H121:H132,2) -> 0.0013168981 | J141: =SMALL(J121:J132,2) -> 0.0008203125 | L141: =SMALL(L121:L132,2) -> 0.0067083912 | N141: =LARGE(N121:N132,2) -> 21 | P141: =SMALL(P121:P132,2) -> 0.00018090278 | R141: =LARGE(S121:S127,2) -> 90 | T141: =SMALL(T121:T132,2) -> 0.0015090278 | V141: =LARGE(V121:V132,2) -> 19 | X141: =SMALL(X121:X132,2) -> 0.00083240741 | Z141: =SMALL(Z121:Z132,2) -> 0.00082893519 | AB141: =SMALL(AB121:AB132,2) -> 0.00076608796 | AD141: =SMALL(AD121:AD132,2) -> 0.0011306713 | AF141: =SMALL(AF121:AF132,2) -> 0.0010689815 | AH141: =SMALL(AH121:AH132,2) -> 0.0018193287 | AJ141: =SMALL(AJ121:AJ132,2) -> 8.5763889e-05 | AL141: =SMALL(AL121:AL133,2) -> 0.00047407407
A142: 3rd Place | B142: {=INDEX($A$121:$A$132, MATCH(B143,B121:B132,0))} -> UVM | D142: {=INDEX($A$121:$A$132, MATCH(D143,D121:D132,0))} -> Paul Smiths | F142: {=INDEX($A$121:$A$132, MATCH(F143,F121:F132,0))} -> Morrisville | H142: {=INDEX($A$121:$A$132, MATCH(H143,H121:H132,0))} -> Alfred | J142: {=INDEX($A$121:$A$132, MATCH(J143,J121:J132,0))} -> Cobleskill | L142: {=INDEX($A$121:$A$132, MATCH(L143,L121:L132,0))} -> Dartmouth B | N142: =INDEX($A$121:$A$132, MATCH(N143,N121:N132,0)) -> Dartmouth A | P142: {=INDEX($A$121:$A$132, MATCH(P143,P121:P132,0))} -> Dartmouth A | R142: {=INDEX($A$121:$A$132, MATCH(R143,S121:S132,0))} -> Cobleskill | T142: {=INDEX($A$121:$A$132, MATCH(T143,T121:T132,0))} -> Paul Smiths | V142: Paul Smiths | W142: (TIE) | X142: {=INDEX($A$121:$A$132, MATCH(X143,X121:X132,0))} -> UConn | Z142: {=INDEX($A$121:$A$132, MATCH(Z143,Z121:Z132,0))} -> Cobleskill | AB142: {=INDEX($A$121:$A$132, MATCH(AB143,AB121:AB132,0))} -> Cobleskill | AD142: {=INDEX($A$121:$A$132, MATCH(AD143,AD121:AD132,0))} -> Cobleskill | AF142: {=INDEX($A$121:$A$132, MATCH(AF143,AF121:AF132,0))} -> Morrisville | AH142: {=INDEX($A$121:$A$132, MATCH(AH143,AH121:AH132,0))} -> Ranger | AJ142: {=INDEX($A$121:$A$132, MATCH(AJ143,AJ121:AJ132,0))} -> Cobleskill | AL142: =INDEX($A$121:$A$133, MATCH(AL143,AL121:AL133,0)) -> Alfred
A143: Result | B143: =SMALL(B121:B132,3) -> 0.0023457176 | D143: =SMALL(D121:D132,3) -> 0.002227662 | F143: =SMALL(F121:F132,3) -> 0.002449537 | H143: =SMALL(H121:H132,3) -> 0.0013918981 | J143: =SMALL(J121:J132,3) -> 0.00082210648 | L143: =SMALL(L121:L132,3) -> 0.0067606481 | N143: =LARGE(N121:N132,3) -> 19 | P143: =SMALL(P121:P132,3) -> 0.00018321759 | R143: =LARGE(S121:S130,3) -> 85 | T143: =SMALL(T121:T132,3) -> 0.0018032407 | V143: =LARGE(V121:V132,3) -> 19 | X143: =SMALL(X121:X132,3) -> 0.0012369213 | Z143: =SMALL(Z121:Z132,3) -> 0.00086203704 | AB143: =SMALL(AB121:AB132,3) -> 0.00084270833 | AD143: =SMALL(AD121:AD132,3) -> 0.0011321759 | AF143: =SMALL(AF121:AF132,3) -> 0.0013172454 | AH143: =SMALL(AH121:AH132,3) -> 0.0019256944 | AJ143: =SMALL(AJ121:AJ132,3) -> 8.6111111e-05 | AL143: =SMALL(AL121:AL133,3) -> 0.00057916667
B164: Kevin Donohue, Head Scorer

Sheet Birling
A1: Men's | B1: Best time | C1: Score from final
A2: Teams
A3: FLCC | B3: 54.31 | C3: =B3/$B$15*80 -> 16.752651
A4: Alfred State | B4: 42.6 | C4: =B4/$B$15*80 -> 13.140544
A5: ESF | B5: 113.57 | C5: 90
A6: Morrisville | B6: 3 | C6: =B6/$B$15*80 -> 0.9253904
A7: UNH | B7: 137.41 | C7: 85
A8: Unity | B8: 18.28 | C8: =B8/$B$15*80 -> 5.6387122
A9: UVM | B9: 6.81 | C9: =B9/$B$15*80 -> 2.1006362
A10: Cobleskill | B10: 3.03 | C10: =B10/$B$15*80 -> 0.9346443
A11: Dartmouth | B11: 14.12 | C11: =B11/$B$15*80 -> 4.3555041
A12: Ranger | B12: 4.81 | C12: =B12/$B$15*80 -> 1.4837093
A13: Paul Smiths | B13: 173.05 | C13: 100
A14: Colby | B14: 16.72 | C14: =B14/$B$15*80 -> 5.1575092
A15: UMO | B15: 259.35 | C15: 80
A19: Dartmouth Alum | B19: 20.69 | C19: =B19/$B$15*80 -> 6.3821091
A20: Colby Alum | B20: 3.21 | C20: =B20/$B$15*80 -> 0.99016773
A21: FLCC Alum | B21: 3.53 | C21: =B21/$B$15*80 -> 1.088876
B28: Average | C28: Score from final
A29: Top U-Grad Score
A30: 1st Place
A31: Result
A32: 2nd Place
A33: Result
A34: 3rd Place
A35: Result
A37: Women's
A38: Teams
A39: UMO | B39: 7.28 | C39: =B39/$B$40*80 -> 21.101449
A40: Finger Lakes | B40: 27.6 | C40: 80
A41: Colby | B41: 188.4 | C41: 90
A42: Unity | B42: 2.9 | C42: =B42/$B$40*80 -> 8.4057971
A43: ESF | B43: 300 | C43: 100
A44: UNH | B44: 300 | C44: 85
B54: Average | C54: Score from final
A55: Top U-grad Score
A56: 1st Place
A57: Result
A58: 2nd Place
A59: Result
A60: 3rd Place
A61: Result
A63: J&J
A64: Teams
A65: Dartmouth A | B65: 13.91 | C65: =B65/$B$68*80 -> 6.2352216
A66: UConn | B66: 13 | C66: =B66/$B$68*80 -> 5.8273099
A67: Ranger | B67: 6.5 | C67: =B67/$B$68*80 -> 2.913655
A68: Alfred | B68: 178.47 | C68: =B68/$B$68*80 -> 80
A69: Cobleskill | B69: 15.69 | C69: 85
A70: Paul Smiths | B70: 300 | C70: 90
A71: UVM | B71: 252.43 | C71: 100
A72: Morrisville | B72: 9.9 | C72: =B72/$B$68*80 -> 4.4377206
A73: Dartmouth B | B73: 13.15 | C73: =B73/$B$68*80 -> 5.8945481
A81: Top U-grad Score
A82: 1st Place
A83: Result
A84: 2nd Place
A85: Result
A86: 3rd Place
A87: Result
